period,total_revenue_krw,nikke_revenue_krw,stellar_blade_revenue_krw,other_revenue_krw,stellar_blade_share_pct,platform_event,source
Q1_2024,37375662309,36470950438,0,904711871,0.00,Pre-launch,SHIFT UP 4Q 2025 Factsheet
Q2_2024,65201790796,38467418965,25862910620,871461211,39.67,PS5 launch on 2024-04-26,SHIFT UP 4Q 2025 Factsheet
Q3_2024,58017726621,34231387845,22584130972,1202207804,38.93,PS5 post-launch,SHIFT UP 4Q 2025 Factsheet
Q4_2024,63489465890,42356235100,19614764712,1518466078,30.89,PS5 long tail,SHIFT UP 4Q 2025 Factsheet
Q1_2025,42234606788,32310483496,7011668848,2912454444,16.60,PS5 long tail,SHIFT UP 1Q 2026 Factsheet
Q2_2025,112382500954,45111671984,65718814485,1552014485,58.48,PC launch on 2025-06-12,SHIFT UP 1Q 2026 Factsheet
Q3_2025,75499203231,44462594203,27693338059,3343270969,36.68,PC and PS5 post-launch,SHIFT UP 1Q 2026 Factsheet
Q4_2025,64429626466,43434704795,17184882493,3810039178,26.67,PC and PS5 long tail,SHIFT UP 1Q 2026 Factsheet
Q1_2026,47309371906,32689441291,12904390906,1715539709,27.28,PC and PS5 promotions,SHIFT UP 1Q 2026 Factsheet
