company_id,corp_code,stock_code,rcept_no,corp_cls,corp_name,flr_nm,rcept_dt,report_nm,rm,viewer_url
ncsoft,00261443,036570,20260102000260,Y,NC,국민연금공단,20260102,주식등의대량보유상황보고서(약식),,https://dart.fss.or.kr/dsaf001/main.do?rcpNo=20260102000260
kakao_games,01137383,293490,20260102000321,K,카카오게임즈,카카오게임즈,20260102,특수관계인에대한자금대여,공,https://dart.fss.or.kr/dsaf001/main.do?rcpNo=20260102000321
com2us,00476498,078340,20260102000404,K,컴투스,컴투스홀딩스,20260102,주식등의대량보유상황보고서(일반),,https://dart.fss.or.kr/dsaf001/main.do?rcpNo=20260102000404
ncsoft,00261443,036570,20260105000146,Y,NC,PublicInvestmentFund,20260105,주식등의대량보유상황보고서(약식),,https://dart.fss.or.kr/dsaf001/main.do?rcpNo=20260105000146
ncsoft,00261443,036570,20260105000148,Y,NC,SaudiElectronicGamingHoldingCompany,20260105,주식등의대량보유상황보고서(약식),,https://dart.fss.or.kr/dsaf001/main.do?rcpNo=20260105000148
krafton,00760971,259960,20260105800383,Y,크래프톤,크래프톤,20260105,최대주주등소유주식변동신고서              ,유,https://dart.fss.or.kr/dsaf001/main.do?rcpNo=20260105800383
com2us,00476498,078340,20260105900619,K,컴투스,컴투스,20260105,주식소각결정              ,코,https://dart.fss.or.kr/dsaf001/main.do?rcpNo=20260105900619
krafton,00760971,259960,20260106000477,Y,크래프톤,크래프톤,20260106,독립이사의선임ㆍ해임또는중도퇴임에관한신고,,https://dart.fss.or.kr/dsaf001/main.do?rcpNo=20260106000477
pearl_abyss,01152470,263750,20260109900388,K,펄어비스,펄어비스,20260109,결산실적공시예고              ,코,https://dart.fss.or.kr/dsaf001/main.do?rcpNo=20260109900388
pearl_abyss,01152470,263750,20260109900391,K,펄어비스,펄어비스,20260109,기업설명회(IR)개최              ,코,https://dart.fss.or.kr/dsaf001/main.do?rcpNo=20260109900391
wemade,00444329,112040,20260112900527,K,위메이드,위메이드,20260112,결산실적공시예고              ,코,https://dart.fss.or.kr/dsaf001/main.do?rcpNo=20260112900527
wemade,00444329,112040,20260112900531,K,위메이드,위메이드,20260112,기업설명회(IR)개최              ,코,https://dart.fss.or.kr/dsaf001/main.do?rcpNo=20260112900531
com2us,00476498,078340,20260114000148,K,컴투스,남재관,20260114,임원ㆍ주요주주특정증권등소유상황보고서,,https://dart.fss.or.kr/dsaf001/main.do?rcpNo=20260114000148
com2us,00476498,078340,20260114000153,K,컴투스,권봉수,20260114,임원ㆍ주요주주특정증권등소유상황보고서,,https://dart.fss.or.kr/dsaf001/main.do?rcpNo=20260114000153
com2us,00476498,078340,20260114000166,K,컴투스,김동희,20260114,임원ㆍ주요주주특정증권등소유상황보고서,,https://dart.fss.or.kr/dsaf001/main.do?rcpNo=20260114000166
com2us,00476498,078340,20260114000168,K,컴투스,박병건,20260114,임원ㆍ주요주주특정증권등소유상황보고서,,https://dart.fss.or.kr/dsaf001/main.do?rcpNo=20260114000168
com2us,00476498,078340,20260114000176,K,컴투스,신주원,20260114,임원ㆍ주요주주특정증권등소유상황보고서,,https://dart.fss.or.kr/dsaf001/main.do?rcpNo=20260114000176
com2us,00476498,078340,20260114000182,K,컴투스,유영진,20260114,임원ㆍ주요주주특정증권등소유상황보고서,,https://dart.fss.or.kr/dsaf001/main.do?rcpNo=20260114000182
com2us,00476498,078340,20260114000183,K,컴투스,이동원,20260114,임원ㆍ주요주주특정증권등소유상황보고서,,https://dart.fss.or.kr/dsaf001/main.do?rcpNo=20260114000183
krafton,00760971,259960,20260115000196,Y,크래프톤,장병규,20260115,주식등의대량보유상황보고서(일반),,https://dart.fss.or.kr/dsaf001/main.do?rcpNo=20260115000196
krafton,00760971,259960,20260115800316,Y,크래프톤,크래프톤,20260115,최대주주등소유주식변동신고서              ,유,https://dart.fss.or.kr/dsaf001/main.do?rcpNo=20260115800316
ncsoft,00261443,036570,20260116800146,Y,NC,NC,20260116,결산실적공시예고(안내공시)              ,유,https://dart.fss.or.kr/dsaf001/main.do?rcpNo=20260116800146
ncsoft,00261443,036570,20260116800150,Y,NC,NC,20260116,기업설명회(IR)개최(안내공시)              ,유,https://dart.fss.or.kr/dsaf001/main.do?rcpNo=20260116800150
wemade,00444329,112040,20260119000201,K,위메이드,박관호,20260119,주식등의대량보유상황보고서(일반),,https://dart.fss.or.kr/dsaf001/main.do?rcpNo=20260119000201
krafton,00760971,259960,20260119800653,Y,크래프톤,크래프톤,20260119,결산실적공시예고(안내공시)              ,유,https://dart.fss.or.kr/dsaf001/main.do?rcpNo=20260119800653
krafton,00760971,259960,20260119800657,Y,크래프톤,크래프톤,20260119,기업설명회(IR)개최(안내공시)              ,유,https://dart.fss.or.kr/dsaf001/main.do?rcpNo=20260119800657
pearl_abyss,01152470,263750,20260120000003,K,펄어비스,서용수,20260120,주식등의대량보유상황보고서(약식),,https://dart.fss.or.kr/dsaf001/main.do?rcpNo=20260120000003
com2us,00476498,078340,20260121000200,K,컴투스,홍지웅,20260121,임원ㆍ주요주주특정증권등소유상황보고서,,https://dart.fss.or.kr/dsaf001/main.do?rcpNo=20260121000200
com2us,00476498,078340,20260122900206,K,컴투스,컴투스,20260122,결산실적공시예고              ,코,https://dart.fss.or.kr/dsaf001/main.do?rcpNo=20260122900206
com2us,00476498,078340,20260122900207,K,컴투스,컴투스,20260122,기업설명회(IR)개최              ,코,https://dart.fss.or.kr/dsaf001/main.do?rcpNo=20260122900207
com2us,00476498,078340,20260122900211,K,컴투스,컴투스,20260122,기업설명회(IR)개최              ,코,https://dart.fss.or.kr/dsaf001/main.do?rcpNo=20260122900211
kakao_games,01137383,293490,20260122900621,K,카카오게임즈,카카오게임즈,20260122,결산실적공시예고              ,코,https://dart.fss.or.kr/dsaf001/main.do?rcpNo=20260122900621
kakao_games,01137383,293490,20260122900626,K,카카오게임즈,카카오게임즈,20260122,기업설명회(IR)개최              ,코,https://dart.fss.or.kr/dsaf001/main.do?rcpNo=20260122900626
com2us,00476498,078340,20260126000213,K,컴투스,김종창,20260126,임원ㆍ주요주주특정증권등소유상황보고서,,https://dart.fss.or.kr/dsaf001/main.do?rcpNo=20260126000213
devsisters,01008762,194480,20260126900482,K,데브시스터즈,데브시스터즈,20260126,결산실적공시예고              ,코,https://dart.fss.or.kr/dsaf001/main.do?rcpNo=20260126900482
devsisters,01008762,194480,20260126900489,K,데브시스터즈,데브시스터즈,20260126,기업설명회(IR)개최              ,코,https://dart.fss.or.kr/dsaf001/main.do?rcpNo=20260126900489
netmarble,00904672,251270,20260129800721,Y,넷마블,넷마블,20260129,결산실적공시예고(안내공시)              ,유,https://dart.fss.or.kr/dsaf001/main.do?rcpNo=20260129800721
netmarble,00904672,251270,20260129800729,Y,넷마블,넷마블,20260129,기업설명회(IR)개최(안내공시)              ,유,https://dart.fss.or.kr/dsaf001/main.do?rcpNo=20260129800729
krafton,00760971,259960,20260130000469,Y,크래프톤,장병규,20260130,주식등의대량보유상황보고서(일반),,https://dart.fss.or.kr/dsaf001/main.do?rcpNo=20260130000469
kakao_games,01137383,293490,20260130000480,K,카카오게임즈,카카오,20260130,주식등의대량보유상황보고서(일반),,https://dart.fss.or.kr/dsaf001/main.do?rcpNo=20260130000480
ncsoft,00261443,036570,20260130800151,Y,NC,NC,20260130,기업설명회(IR)개최(안내공시)              ,유,https://dart.fss.or.kr/dsaf001/main.do?rcpNo=20260130800151
krafton,00760971,259960,20260130800821,Y,크래프톤,크래프톤,20260130,최대주주등소유주식변동신고서              ,유,https://dart.fss.or.kr/dsaf001/main.do?rcpNo=20260130800821
krafton,00760971,259960,20260130800835,Y,크래프톤,크래프톤,20260130,기업설명회(IR)개최(안내공시)              ,유,https://dart.fss.or.kr/dsaf001/main.do?rcpNo=20260130800835
netmarble,00904672,251270,20260205000371,Y,넷마블,넷마블,20260205,주요사항보고서(감자결정),,https://dart.fss.or.kr/dsaf001/main.do?rcpNo=20260205000371
netmarble,00904672,251270,20260205800545,Y,넷마블,넷마블,20260205,주식소각결정              ,유,https://dart.fss.or.kr/dsaf001/main.do?rcpNo=20260205800545
netmarble,00904672,251270,20260205800561,Y,넷마블,넷마블,20260205,연결재무제표기준영업(잠정)실적(공정공시)              ,유,https://dart.fss.or.kr/dsaf001/main.do?rcpNo=20260205800561
netmarble,00904672,251270,20260205800563,Y,넷마블,넷마블,20260205,매출액또는손익구조30%(대규모법인은15%)이상변경              ,유,https://dart.fss.or.kr/dsaf001/main.do?rcpNo=20260205800563
netmarble,00904672,251270,20260205800616,Y,넷마블,넷마블,20260205,현금ㆍ현물배당을위한주주명부폐쇄(기준일)결정              ,유,https://dart.fss.or.kr/dsaf001/main.do?rcpNo=20260205800616
netmarble,00904672,251270,20260205800621,Y,넷마블,넷마블,20260205,현금ㆍ현물배당결정              ,유,https://dart.fss.or.kr/dsaf001/main.do?rcpNo=20260205800621
netmarble,00904672,251270,20260205800625,Y,넷마블,넷마블,20260205,수시공시의무관련사항(공정공시)              ,유,https://dart.fss.or.kr/dsaf001/main.do?rcpNo=20260205800625
netmarble,00904672,251270,20260205800645,Y,넷마블,넷마블,20260205,타법인주식및출자증권처분결정              ,유,https://dart.fss.or.kr/dsaf001/main.do?rcpNo=20260205800645
krafton,00760971,259960,20260206001545,Y,크래프톤,장병규,20260206,주식등의대량보유상황보고서(일반),,https://dart.fss.or.kr/dsaf001/main.do?rcpNo=20260206001545
krafton,00760971,259960,20260206001691,Y,크래프톤,임우열,20260206,임원ㆍ주요주주특정증권등소유상황보고서,,https://dart.fss.or.kr/dsaf001/main.do?rcpNo=20260206001691
krafton,00760971,259960,20260206801832,Y,크래프톤,크래프톤,20260206,최대주주등소유주식변동신고서              ,유,https://dart.fss.or.kr/dsaf001/main.do?rcpNo=20260206801832
krafton,00760971,259960,20260209000388,Y,크래프톤,크래프톤,20260209,주요사항보고서(자기주식취득결정),,https://dart.fss.or.kr/dsaf001/main.do?rcpNo=20260209000388
krafton,00760971,259960,20260209000395,Y,크래프톤,크래프톤,20260209,주요사항보고서(자기주식처분결정),,https://dart.fss.or.kr/dsaf001/main.do?rcpNo=20260209000395
krafton,00760971,259960,20260209800873,Y,크래프톤,크래프톤,20260209,연결재무제표기준영업(잠정)실적(공정공시)              ,유,https://dart.fss.or.kr/dsaf001/main.do?rcpNo=20260209800873
krafton,00760971,259960,20260209800883,Y,크래프톤,크래프톤,20260209,매출액또는손익구조30%(대규모법인은15%)이상변경              ,유,https://dart.fss.or.kr/dsaf001/main.do?rcpNo=20260209800883
krafton,00760971,259960,20260209800895,Y,크래프톤,크래프톤,20260209,연결재무제표기준영업실적등에대한전망(공정공시)              ,유,https://dart.fss.or.kr/dsaf001/main.do?rcpNo=20260209800895
krafton,00760971,259960,20260209800914,Y,크래프톤,크래프톤,20260209,주주총회소집결의              ,유정,https://dart.fss.or.kr/dsaf001/main.do?rcpNo=20260209800914
krafton,00760971,259960,20260209800920,Y,크래프톤,크래프톤,20260209,수시공시의무관련사항(공정공시)              ,유,https://dart.fss.or.kr/dsaf001/main.do?rcpNo=20260209800920
krafton,00760971,259960,20260209800925,Y,크래프톤,크래프톤,20260209,현금ㆍ현물배당결정              ,유정,https://dart.fss.or.kr/dsaf001/main.do?rcpNo=20260209800925
krafton,00760971,259960,20260209800930,Y,크래프톤,크래프톤,20260209,현금ㆍ현물배당을위한주주명부폐쇄(기준일)결정              ,유,https://dart.fss.or.kr/dsaf001/main.do?rcpNo=20260209800930
devsisters,01008762,194480,20260209900461,K,데브시스터즈,데브시스터즈,20260209,매출액또는손익구조30%(대규모법인은15%)이상변동              ,코정,https://dart.fss.or.kr/dsaf001/main.do?rcpNo=20260209900461
ncsoft,00261443,036570,20260210800604,Y,NC,NC,20260210,연결재무제표기준영업(잠정)실적(공정공시)              ,유,https://dart.fss.or.kr/dsaf001/main.do?rcpNo=20260210800604
ncsoft,00261443,036570,20260210800667,Y,NC,NC,20260210,매출액또는손익구조30%(대규모법인은15%)이상변경              ,유,https://dart.fss.or.kr/dsaf001/main.do?rcpNo=20260210800667
ncsoft,00261443,036570,20260210800717,Y,NC,NC,20260210,현금ㆍ현물배당을위한주주명부폐쇄(기준일)결정              ,유,https://dart.fss.or.kr/dsaf001/main.do?rcpNo=20260210800717
ncsoft,00261443,036570,20260210800727,Y,NC,NC,20260210,현금ㆍ현물배당결정              ,유,https://dart.fss.or.kr/dsaf001/main.do?rcpNo=20260210800727
ncsoft,00261443,036570,20260210800801,Y,NC,NC,20260210,주주총회소집결의              ,유정,https://dart.fss.or.kr/dsaf001/main.do?rcpNo=20260210800801
wemade,00444329,112040,20260211000804,K,위메이드,위메이드,20260211,[기재정정]주식매수선택권부여에관한신고,,https://dart.fss.or.kr/dsaf001/main.do?rcpNo=20260211000804
wemade,00444329,112040,20260211000817,K,위메이드,위메이드,20260211,[기재정정]주식매수선택권부여에관한신고,정,https://dart.fss.or.kr/dsaf001/main.do?rcpNo=20260211000817
kakao_games,01137383,293490,20260211900074,K,카카오게임즈,카카오게임즈,20260211,연결재무제표기준영업(잠정)실적(공정공시)              ,코,https://dart.fss.or.kr/dsaf001/main.do?rcpNo=20260211900074
kakao_games,01137383,293490,20260211900087,K,카카오게임즈,카카오게임즈,20260211,매출액또는손익구조30%(대규모법인은15%)이상변동              ,코,https://dart.fss.or.kr/dsaf001/main.do?rcpNo=20260211900087
wemade,00444329,112040,20260211900862,K,위메이드,위메이드,20260211,연결재무제표기준영업(잠정)실적(공정공시)              ,코,https://dart.fss.or.kr/dsaf001/main.do?rcpNo=20260211900862
wemade,00444329,112040,20260211900872,K,위메이드,위메이드,20260211,매출액또는손익구조30%(대규모법인은15%)이상변동              ,코,https://dart.fss.or.kr/dsaf001/main.do?rcpNo=20260211900872
wemade,00444329,112040,20260211900895,K,위메이드,위메이드,20260211,현금ㆍ현물배당결정              ,코,https://dart.fss.or.kr/dsaf001/main.do?rcpNo=20260211900895
pearl_abyss,01152470,263750,20260212900001,K,펄어비스,펄어비스,20260212,연결재무제표기준영업(잠정)실적(공정공시)              ,코,https://dart.fss.or.kr/dsaf001/main.do?rcpNo=20260212900001
com2us,00476498,078340,20260212900098,K,컴투스,컴투스,20260212,매출액또는손익구조30%(대규모법인은15%)이상변동              ,코정,https://dart.fss.or.kr/dsaf001/main.do?rcpNo=20260212900098
com2us,00476498,078340,20260212900100,K,컴투스,컴투스,20260212,연결재무제표기준영업(잠정)실적(공정공시)              ,코정,https://dart.fss.or.kr/dsaf001/main.do?rcpNo=20260212900100
com2us,00476498,078340,20260212900103,K,컴투스,컴투스,20260212,영업(잠정)실적(공정공시)              ,코정,https://dart.fss.or.kr/dsaf001/main.do?rcpNo=20260212900103
com2us,00476498,078340,20260212900139,K,컴투스,컴투스,20260212,현금ㆍ현물배당을위한주주명부폐쇄(기준일)결정              ,코,https://dart.fss.or.kr/dsaf001/main.do?rcpNo=20260212900139
com2us,00476498,078340,20260212900175,K,컴투스,컴투스,20260212,현금ㆍ현물배당결정              ,코,https://dart.fss.or.kr/dsaf001/main.do?rcpNo=20260212900175
pearl_abyss,01152470,263750,20260212901526,K,펄어비스,펄어비스,20260212,매출액또는손익구조30%(대규모법인은15%)이상변동              ,코,https://dart.fss.or.kr/dsaf001/main.do?rcpNo=20260212901526
pearl_abyss,01152470,263750,20260212901529,K,펄어비스,펄어비스,20260212,주주총회소집결의              ,코,https://dart.fss.or.kr/dsaf001/main.do?rcpNo=20260212901529
krafton,00760971,259960,20260213001377,Y,크래프톤,크래프톤,20260213,지급수단별ㆍ지급기간별지급금액및분쟁조정기구에관한사항,공,https://dart.fss.or.kr/dsaf001/main.do?rcpNo=20260213001377
netmarble,00904672,251270,20260213001382,Y,넷마블,넷마블,20260213,지급수단별ㆍ지급기간별지급금액및분쟁조정기구에관한사항,공,https://dart.fss.or.kr/dsaf001/main.do?rcpNo=20260213001382
kakao_games,01137383,293490,20260213002538,K,카카오게임즈,카카오게임즈,20260213,지급수단별ㆍ지급기간별지급금액및분쟁조정기구에관한사항,공,https://dart.fss.or.kr/dsaf001/main.do?rcpNo=20260213002538
pearl_abyss,01152470,263750,20260213901736,K,펄어비스,펄어비스,20260213,기업설명회(IR)개최              ,코,https://dart.fss.or.kr/dsaf001/main.do?rcpNo=20260213901736
krafton,00760971,259960,20260219002315,Y,크래프톤,크래프톤,20260219,자기주식처분결과보고서,,https://dart.fss.or.kr/dsaf001/main.do?rcpNo=20260219002315
wemade,00444329,112040,20260220001847,K,위메이드,박관호,20260220,주식등의대량보유상황보고서(일반),,https://dart.fss.or.kr/dsaf001/main.do?rcpNo=20260220001847
krafton,00760971,259960,20260220001875,Y,크래프톤,장병규,20260220,주식등의대량보유상황보고서(일반),,https://dart.fss.or.kr/dsaf001/main.do?rcpNo=20260220001875
krafton,00760971,259960,20260220800800,Y,크래프톤,크래프톤,20260220,최대주주등소유주식변동신고서              ,유,https://dart.fss.or.kr/dsaf001/main.do?rcpNo=20260220800800
ncsoft,00261443,036570,20260223003762,Y,NC,NC,20260223,주주총회소집공고,정,https://dart.fss.or.kr/dsaf001/main.do?rcpNo=20260223003762
ncsoft,00261443,036570,20260223003780,Y,NC,NC,20260223,의결권대리행사권유참고서류,정,https://dart.fss.or.kr/dsaf001/main.do?rcpNo=20260223003780
krafton,00760971,259960,20260223003796,Y,크래프톤,크래프톤,20260223,주주총회소집공고,정,https://dart.fss.or.kr/dsaf001/main.do?rcpNo=20260223003796
krafton,00760971,259960,20260223003892,Y,크래프톤,크래프톤,20260223,의결권대리행사권유참고서류,정,https://dart.fss.or.kr/dsaf001/main.do?rcpNo=20260223003892
pearl_abyss,01152470,263750,20260226005016,K,펄어비스,펄어비스,20260226,주주총회소집공고,,https://dart.fss.or.kr/dsaf001/main.do?rcpNo=20260226005016
pearl_abyss,01152470,263750,20260226005058,K,펄어비스,펄어비스,20260226,의결권대리행사권유참고서류,,https://dart.fss.or.kr/dsaf001/main.do?rcpNo=20260226005058
pearl_abyss,01152470,263750,20260226900911,K,펄어비스,펄어비스,20260226,주주총회집중일개최사유신고              ,코,https://dart.fss.or.kr/dsaf001/main.do?rcpNo=20260226900911
netmarble,00904672,251270,20260227003952,Y,넷마블,넷마블,20260227,대규모기업집단현황공시[분기별공시(대표회사용)],공,https://dart.fss.or.kr/dsaf001/main.do?rcpNo=20260227003952
krafton,00760971,259960,20260227007589,Y,크래프톤,크래프톤,20260227,대규모기업집단현황공시[분기별공시(대표회사용)],공,https://dart.fss.or.kr/dsaf001/main.do?rcpNo=20260227007589
krafton,00760971,259960,20260227801286,Y,크래프톤,크래프톤,20260227,[기재정정]타법인주식및출자증권취득결정              ,유정,https://dart.fss.or.kr/dsaf001/main.do?rcpNo=20260227801286
krafton,00760971,259960,20260227801399,Y,크래프톤,크래프톤,20260227,[기재정정]현금ㆍ현물배당결정              ,유,https://dart.fss.or.kr/dsaf001/main.do?rcpNo=20260227801399
krafton,00760971,259960,20260227801419,Y,크래프톤,크래프톤,20260227,기업설명회(IR)개최(안내공시)              ,유,https://dart.fss.or.kr/dsaf001/main.do?rcpNo=20260227801419
ncsoft,00261443,036570,20260227801553,Y,NC,NC,20260227,기업설명회(IR)개최(안내공시)              ,유,https://dart.fss.or.kr/dsaf001/main.do?rcpNo=20260227801553
kakao_games,01137383,293490,20260303002481,K,카카오게임즈,카카오게임즈,20260303,대규모기업집단현황공시[분기별공시(개별회사용)],공,https://dart.fss.or.kr/dsaf001/main.do?rcpNo=20260303002481
netmarble,00904672,251270,20260305801712,Y,넷마블,넷마블,20260305,주주총회소집결의              ,유,https://dart.fss.or.kr/dsaf001/main.do?rcpNo=20260305801712
kakao_games,01137383,293490,20260306000900,K,카카오게임즈,카카오게임즈,20260306,주주총회소집공고,,https://dart.fss.or.kr/dsaf001/main.do?rcpNo=20260306000900
kakao_games,01137383,293490,20260306000905,K,카카오게임즈,카카오게임즈,20260306,의결권대리행사권유참고서류,,https://dart.fss.or.kr/dsaf001/main.do?rcpNo=20260306000905
krafton,00760971,259960,20260306801011,Y,크래프톤,크래프톤,20260306,[기재정정]투자판단관련주요경영사항              ,유,https://dart.fss.or.kr/dsaf001/main.do?rcpNo=20260306801011
kakao_games,01137383,293490,20260306901364,K,카카오게임즈,카카오게임즈,20260306,주주총회소집결의              ,코정,https://dart.fss.or.kr/dsaf001/main.do?rcpNo=20260306901364
kakao_games,01137383,293490,20260306901612,K,카카오게임즈,카카오게임즈,20260306,[기재정정]주주총회소집결의              ,코,https://dart.fss.or.kr/dsaf001/main.do?rcpNo=20260306901612
devsisters,01008762,194480,20260309001496,K,데브시스터즈,데브시스터즈,20260309,주주총회소집공고,,https://dart.fss.or.kr/dsaf001/main.do?rcpNo=20260309001496
krafton,00760971,259960,20260309001547,Y,크래프톤,Ko Thomas Woonyoung,20260309,임원ㆍ주요주주특정증권등소유상황보고서,,https://dart.fss.or.kr/dsaf001/main.do?rcpNo=20260309001547
krafton,00760971,259960,20260309001573,Y,크래프톤,이강욱,20260309,임원ㆍ주요주주특정증권등소유상황보고서,,https://dart.fss.or.kr/dsaf001/main.do?rcpNo=20260309001573
wemade,00444329,112040,20260309001590,K,위메이드,박관호,20260309,주식등의대량보유상황보고서(일반),,https://dart.fss.or.kr/dsaf001/main.do?rcpNo=20260309001590
krafton,00760971,259960,20260309001693,Y,크래프톤,크래프톤,20260309,[기재정정]주주총회소집공고,,https://dart.fss.or.kr/dsaf001/main.do?rcpNo=20260309001693
krafton,00760971,259960,20260309001711,Y,크래프톤,크래프톤,20260309,[기재정정]의결권대리행사권유참고서류,,https://dart.fss.or.kr/dsaf001/main.do?rcpNo=20260309001711
krafton,00760971,259960,20260309800931,Y,크래프톤,크래프톤,20260309,[기재정정]주주총회소집결의              ,유,https://dart.fss.or.kr/dsaf001/main.do?rcpNo=20260309800931
krafton,00760971,259960,20260309801060,Y,크래프톤,크래프톤,20260309,감사보고서제출              ,유,https://dart.fss.or.kr/dsaf001/main.do?rcpNo=20260309801060
devsisters,01008762,194480,20260309900689,K,데브시스터즈,데브시스터즈,20260309,주주총회소집결의              ,코,https://dart.fss.or.kr/dsaf001/main.do?rcpNo=20260309900689
ncsoft,00261443,036570,20260310002522,Y,NC,NC,20260310,[기재정정]주주총회소집공고,,https://dart.fss.or.kr/dsaf001/main.do?rcpNo=20260310002522
ncsoft,00261443,036570,20260310002528,Y,NC,NC,20260310,[기재정정]의결권대리행사권유참고서류,,https://dart.fss.or.kr/dsaf001/main.do?rcpNo=20260310002528
com2us,00476498,078340,20260310003015,K,컴투스,컴투스,20260310,주주총회소집공고,,https://dart.fss.or.kr/dsaf001/main.do?rcpNo=20260310003015
com2us,00476498,078340,20260310003019,K,컴투스,컴투스,20260310,의결권대리행사권유참고서류,,https://dart.fss.or.kr/dsaf001/main.do?rcpNo=20260310003019
ncsoft,00261443,036570,20260310801042,Y,NC,NC,20260310,[기재정정]주주총회소집결의              ,유,https://dart.fss.or.kr/dsaf001/main.do?rcpNo=20260310801042
ncsoft,00261443,036570,20260310801730,Y,NC,NC,20260310,타법인주식및출자증권취득결정              ,유,https://dart.fss.or.kr/dsaf001/main.do?rcpNo=20260310801730
com2us,00476498,078340,20260310901324,K,컴투스,컴투스,20260310,주주총회소집결의              ,코,https://dart.fss.or.kr/dsaf001/main.do?rcpNo=20260310901324
com2us,00476498,078340,20260310901425,K,컴투스,컴투스,20260310,[기재정정]영업(잠정)실적(공정공시)              ,코,https://dart.fss.or.kr/dsaf001/main.do?rcpNo=20260310901425
com2us,00476498,078340,20260310901438,K,컴투스,컴투스,20260310,[기재정정]연결재무제표기준영업(잠정)실적(공정공시)              ,코,https://dart.fss.or.kr/dsaf001/main.do?rcpNo=20260310901438
com2us,00476498,078340,20260310901473,K,컴투스,컴투스,20260310,[기재정정]매출액또는손익구조30%(대규모법인은15%)이상변동              ,코,https://dart.fss.or.kr/dsaf001/main.do?rcpNo=20260310901473
com2us,00476498,078340,20260310901997,K,컴투스,컴투스,20260310,주주총회집중일개최사유신고              ,코,https://dart.fss.or.kr/dsaf001/main.do?rcpNo=20260310901997
pearl_abyss,01152470,263750,20260310003117,K,펄어비스,펄어비스,20260311,주요사항보고서(자기주식처분결정),,https://dart.fss.or.kr/dsaf001/main.do?rcpNo=20260310003117
netmarble,00904672,251270,20260311003998,Y,넷마블,넷마블,20260311,주주총회소집공고,,https://dart.fss.or.kr/dsaf001/main.do?rcpNo=20260311003998
netmarble,00904672,251270,20260311004031,Y,넷마블,넷마블,20260311,의결권대리행사권유참고서류,,https://dart.fss.or.kr/dsaf001/main.do?rcpNo=20260311004031
com2us,00476498,078340,20260311900144,K,컴투스,컴투스,20260311,기업설명회(IR)개최              ,코,https://dart.fss.or.kr/dsaf001/main.do?rcpNo=20260311900144
devsisters,01008762,194480,20260311902191,K,데브시스터즈,데브시스터즈,20260311,기업설명회(IR)개최              ,코,https://dart.fss.or.kr/dsaf001/main.do?rcpNo=20260311902191
krafton,00760971,259960,20260312000766,Y,크래프톤,장병규,20260312,주식등의대량보유상황보고서(일반),,https://dart.fss.or.kr/dsaf001/main.do?rcpNo=20260312000766
wemade,00444329,112040,20260312001287,K,위메이드,위메이드,20260312,주주총회소집공고,정,https://dart.fss.or.kr/dsaf001/main.do?rcpNo=20260312001287
wemade,00444329,112040,20260312001310,K,위메이드,위메이드,20260312,의결권대리행사권유참고서류,정,https://dart.fss.or.kr/dsaf001/main.do?rcpNo=20260312001310
krafton,00760971,259960,20260312801185,Y,크래프톤,크래프톤,20260312,최대주주등소유주식변동신고서              ,유,https://dart.fss.or.kr/dsaf001/main.do?rcpNo=20260312801185
wemade,00444329,112040,20260312901950,K,위메이드,위메이드,20260312,주주총회소집결의              ,코,https://dart.fss.or.kr/dsaf001/main.do?rcpNo=20260312901950
wemade,00444329,112040,20260312902012,K,위메이드,위메이드,20260312,주주총회집중일개최사유신고              ,코,https://dart.fss.or.kr/dsaf001/main.do?rcpNo=20260312902012
wemade,00444329,112040,20260313001002,K,위메이드,위메이드,20260313,[기재정정]주주총회소집공고,,https://dart.fss.or.kr/dsaf001/main.do?rcpNo=20260313001002
wemade,00444329,112040,20260313001023,K,위메이드,위메이드,20260313,[기재정정]의결권대리행사권유참고서류,,https://dart.fss.or.kr/dsaf001/main.do?rcpNo=20260313001023
devsisters,01008762,194480,20260313901013,K,데브시스터즈,데브시스터즈,20260313,[기재정정]매출액또는손익구조30%(대규모법인은15%)이상변동              ,코,https://dart.fss.or.kr/dsaf001/main.do?rcpNo=20260313901013
krafton,00760971,259960,20260316001313,Y,크래프톤,크래프톤,20260316,사업보고서 (2025.12),정연,https://dart.fss.or.kr/dsaf001/main.do?rcpNo=20260316001313
devsisters,01008762,194480,20260316001364,K,데브시스터즈,데브시스터즈,20260316,사업보고서 (2025.12),연,https://dart.fss.or.kr/dsaf001/main.do?rcpNo=20260316001364
devsisters,01008762,194480,20260316901117,K,데브시스터즈,데브시스터즈,20260316,감사보고서제출              ,코,https://dart.fss.or.kr/dsaf001/main.do?rcpNo=20260316901117
netmarble,00904672,251270,20260317801161,Y,넷마블,넷마블,20260317,감사보고서제출              ,유,https://dart.fss.or.kr/dsaf001/main.do?rcpNo=20260317801161
krafton,00760971,259960,20260318000847,Y,크래프톤,장병규,20260318,주식등의대량보유상황보고서(일반),,https://dart.fss.or.kr/dsaf001/main.do?rcpNo=20260318000847
netmarble,00904672,251270,20260318001170,Y,넷마블,넷마블,20260318,사업보고서 (2025.12),연,https://dart.fss.or.kr/dsaf001/main.do?rcpNo=20260318001170
ncsoft,00261443,036570,20260318001448,Y,NC,NC,20260318,사업보고서 (2025.12),연,https://dart.fss.or.kr/dsaf001/main.do?rcpNo=20260318001448
kakao_games,01137383,293490,20260318001659,K,카카오게임즈,카카오게임즈,20260318,사업보고서 (2025.12),연,https://dart.fss.or.kr/dsaf001/main.do?rcpNo=20260318001659
ncsoft,00261443,036570,20260318801790,Y,NC,NC,20260318,감사보고서제출              ,유,https://dart.fss.or.kr/dsaf001/main.do?rcpNo=20260318801790
kakao_games,01137383,293490,20260318901991,K,카카오게임즈,카카오게임즈,20260318,감사보고서제출              ,코,https://dart.fss.or.kr/dsaf001/main.do?rcpNo=20260318901991
wemade,00444329,112040,20260319000853,K,위메이드,위메이드,20260319,사업보고서 (2025.12),연,https://dart.fss.or.kr/dsaf001/main.do?rcpNo=20260319000853
pearl_abyss,01152470,263750,20260319001336,K,펄어비스,펄어비스,20260319,사업보고서 (2025.12),연,https://dart.fss.or.kr/dsaf001/main.do?rcpNo=20260319001336
wemade,00444329,112040,20260319901139,K,위메이드,위메이드,20260319,감사보고서제출              ,코,https://dart.fss.or.kr/dsaf001/main.do?rcpNo=20260319901139
pearl_abyss,01152470,263750,20260319901719,K,펄어비스,펄어비스,20260319,감사보고서제출              ,코,https://dart.fss.or.kr/dsaf001/main.do?rcpNo=20260319901719
krafton,00760971,259960,20260320000088,Y,크래프톤,장병규,20260320,임원ㆍ주요주주특정증권등거래계획보고서,,https://dart.fss.or.kr/dsaf001/main.do?rcpNo=20260320000088
krafton,00760971,259960,20260320000767,Y,크래프톤,김창한,20260320,임원ㆍ주요주주특정증권등소유상황보고서,,https://dart.fss.or.kr/dsaf001/main.do?rcpNo=20260320000767
com2us,00476498,078340,20260320001410,K,컴투스,컴투스,20260320,사업보고서 (2025.12),연,https://dart.fss.or.kr/dsaf001/main.do?rcpNo=20260320001410
krafton,00760971,259960,20260320800969,Y,크래프톤,크래프톤,20260320,최대주주등소유주식변동신고서              ,유,https://dart.fss.or.kr/dsaf001/main.do?rcpNo=20260320800969
com2us,00476498,078340,20260320901978,K,컴투스,컴투스,20260320,감사보고서제출              ,코,https://dart.fss.or.kr/dsaf001/main.do?rcpNo=20260320901978
wemade,00444329,112040,20260323001279,K,위메이드,박관호,20260323,주식등의대량보유상황보고서(일반),,https://dart.fss.or.kr/dsaf001/main.do?rcpNo=20260323001279
krafton,00760971,259960,20260324801551,Y,크래프톤,크래프톤,20260324,정기주주총회결과              ,유,https://dart.fss.or.kr/dsaf001/main.do?rcpNo=20260324801551
wemade,00444329,112040,20260324900217,K,위메이드,위메이드,20260324,기업가치제고계획(자율공시)              ,코,https://dart.fss.or.kr/dsaf001/main.do?rcpNo=20260324900217
devsisters,01008762,194480,20260324900724,K,데브시스터즈,데브시스터즈,20260324,정기주주총회결과              ,코,https://dart.fss.or.kr/dsaf001/main.do?rcpNo=20260324900724
kakao_games,01137383,293490,20260325000002,K,카카오게임즈,카카오게임즈,20260325,[정정명령부과]주요사항보고서(유상증자결정),정,https://dart.fss.or.kr/dsaf001/main.do?rcpNo=20260325000002
kakao_games,01137383,293490,20260325000006,K,카카오게임즈,카카오게임즈,20260325,[정정명령부과]주요사항보고서(전환사채권발행결정),정,https://dart.fss.or.kr/dsaf001/main.do?rcpNo=20260325000006
krafton,00760971,259960,20260325000995,Y,크래프톤,크래프톤,20260325,독립이사의선임ㆍ해임또는중도퇴임에관한신고,,https://dart.fss.or.kr/dsaf001/main.do?rcpNo=20260325000995
netmarble,00904672,251270,20260325001070,Y,넷마블,넷마블,20260325,주요사항보고서(주식교환ㆍ이전결정),정,https://dart.fss.or.kr/dsaf001/main.do?rcpNo=20260325001070
netmarble,00904672,251270,20260325001161,Y,넷마블,넷마블,20260325,특수관계인의유상증자참여,공,https://dart.fss.or.kr/dsaf001/main.do?rcpNo=20260325001161
netmarble,00904672,251270,20260325001167,Y,넷마블,넷마블,20260325,주요사항보고서(자기주식취득신탁계약체결결정),,https://dart.fss.or.kr/dsaf001/main.do?rcpNo=20260325001167
netmarble,00904672,251270,20260325801133,Y,넷마블,넷마블,20260325,주주명부폐쇄기간또는기준일설정              ,유,https://dart.fss.or.kr/dsaf001/main.do?rcpNo=20260325801133
netmarble,00904672,251270,20260325801196,Y,넷마블,넷마블,20260325,최대주주등소유주식변동신고서              ,유,https://dart.fss.or.kr/dsaf001/main.do?rcpNo=20260325801196
netmarble,00904672,251270,20260326000792,Y,넷마블,넷마블,20260326,[첨부정정]주요사항보고서(주식교환ㆍ이전결정),,https://dart.fss.or.kr/dsaf001/main.do?rcpNo=20260326000792
netmarble,00904672,251270,20260326001326,Y,넷마블,넷마블,20260326,독립이사의선임ㆍ해임또는중도퇴임에관한신고,,https://dart.fss.or.kr/dsaf001/main.do?rcpNo=20260326001326
netmarble,00904672,251270,20260326001401,Y,넷마블,넷마블,20260326,[정정제출요구]증권신고서(주식의포괄적교환ㆍ이전),정,https://dart.fss.or.kr/dsaf001/main.do?rcpNo=20260326001401
ncsoft,00261443,036570,20260326001483,Y,NC,NC,20260326,독립이사의선임ㆍ해임또는중도퇴임에관한신고,,https://dart.fss.or.kr/dsaf001/main.do?rcpNo=20260326001483
kakao_games,01137383,293490,20260326001486,K,카카오게임즈,카카오게임즈,20260326,독립이사의선임ㆍ해임또는중도퇴임에관한신고,,https://dart.fss.or.kr/dsaf001/main.do?rcpNo=20260326001486
netmarble,00904672,251270,20260326802747,Y,넷마블,넷마블,20260326,기업가치제고계획(자율공시)              ,유,https://dart.fss.or.kr/dsaf001/main.do?rcpNo=20260326802747
netmarble,00904672,251270,20260326803220,Y,넷마블,넷마블,20260326,정기주주총회결과              ,유,https://dart.fss.or.kr/dsaf001/main.do?rcpNo=20260326803220
ncsoft,00261443,036570,20260326803486,Y,NC,NC,20260326,정기주주총회결과              ,유,https://dart.fss.or.kr/dsaf001/main.do?rcpNo=20260326803486
kakao_games,01137383,293490,20260326903075,K,카카오게임즈,카카오게임즈,20260326,정기주주총회결과              ,코,https://dart.fss.or.kr/dsaf001/main.do?rcpNo=20260326903075
pearl_abyss,01152470,263750,20260327001563,K,펄어비스,펄어비스,20260327,독립이사의선임ㆍ해임또는중도퇴임에관한신고,,https://dart.fss.or.kr/dsaf001/main.do?rcpNo=20260327001563
wemade,00444329,112040,20260327001709,K,위메이드,위메이드,20260327,독립이사의선임ㆍ해임또는중도퇴임에관한신고,,https://dart.fss.or.kr/dsaf001/main.do?rcpNo=20260327001709
pearl_abyss,01152470,263750,20260327902043,K,펄어비스,펄어비스,20260327,정기주주총회결과              ,코,https://dart.fss.or.kr/dsaf001/main.do?rcpNo=20260327902043
wemade,00444329,112040,20260327902810,K,위메이드,위메이드,20260327,정기주주총회결과              ,코,https://dart.fss.or.kr/dsaf001/main.do?rcpNo=20260327902810
com2us,00476498,078340,20260330001415,K,컴투스,컴투스,20260330,독립이사의선임ㆍ해임또는중도퇴임에관한신고,,https://dart.fss.or.kr/dsaf001/main.do?rcpNo=20260330001415
kakao_games,01137383,293490,20260330001604,K,카카오게임즈,카카오,20260330,주식등의대량보유상황보고서(일반),,https://dart.fss.or.kr/dsaf001/main.do?rcpNo=20260330001604
kakao_games,01137383,293490,20260330100032,K,카카오게임즈,금융감독원,20260330,정정명령부과( 2026.03.25. 제출 주요사항보고서(유상증자결정) ),,https://dart.fss.or.kr/dsaf001/main.do?rcpNo=20260330100032
kakao_games,01137383,293490,20260330100033,K,카카오게임즈,금융감독원,20260330,정정명령부과( 2026.03.25. 제출 주요사항보고서(전환사채권 발행결정) ),,https://dart.fss.or.kr/dsaf001/main.do?rcpNo=20260330100033
com2us,00476498,078340,20260330901415,K,컴투스,컴투스,20260330,정기주주총회결과              ,코,https://dart.fss.or.kr/dsaf001/main.do?rcpNo=20260330901415
com2us,00476498,078340,20260330901977,K,컴투스,코스닥시장본부,20260330,배당락              ,코,https://dart.fss.or.kr/dsaf001/main.do?rcpNo=20260330901977
com2us,00476498,078340,20260331903987,K,컴투스,컴투스,20260331,기업가치제고계획(자율공시)              ,코,https://dart.fss.or.kr/dsaf001/main.do?rcpNo=20260331903987
krafton,00760971,259960,20260401003932,Y,크래프톤,국민연금공단,20260401,주식등의대량보유상황보고서(약식),,https://dart.fss.or.kr/dsaf001/main.do?rcpNo=20260401003932
ncsoft,00261443,036570,20260401004096,Y,NC,국민연금공단,20260401,주식등의대량보유상황보고서(약식),,https://dart.fss.or.kr/dsaf001/main.do?rcpNo=20260401004096
wemade,00444329,112040,20260401004908,K,위메이드,박관호,20260401,주식등의대량보유상황보고서(일반),,https://dart.fss.or.kr/dsaf001/main.do?rcpNo=20260401004908
kakao_games,01137383,293490,20260402001340,K,카카오게임즈,카카오게임즈,20260402,[기재정정]주요사항보고서(유상증자결정),정,https://dart.fss.or.kr/dsaf001/main.do?rcpNo=20260402001340
kakao_games,01137383,293490,20260402001342,K,카카오게임즈,카카오게임즈,20260402,[기재정정]주요사항보고서(전환사채권발행결정),정,https://dart.fss.or.kr/dsaf001/main.do?rcpNo=20260402001342
krafton,00760971,259960,20260402002926,Y,크래프톤,장병규,20260402,주식등의대량보유상황보고서(일반),,https://dart.fss.or.kr/dsaf001/main.do?rcpNo=20260402002926
krafton,00760971,259960,20260402800812,Y,크래프톤,크래프톤,20260402,최대주주등소유주식변동신고서              ,유,https://dart.fss.or.kr/dsaf001/main.do?rcpNo=20260402800812
netmarble,00904672,251270,20260406100002,Y,넷마블,금융감독원,20260406,정정신고서제출요구( 2026.03.26. 제출 증권신고서(주식의포괄적교환ㆍ이전) ),,https://dart.fss.or.kr/dsaf001/main.do?rcpNo=20260406100002
netmarble,00904672,251270,20260406800653,Y,넷마블,넷마블,20260406,타법인주식및출자증권취득결정              ,유,https://dart.fss.or.kr/dsaf001/main.do?rcpNo=20260406800653
krafton,00760971,259960,20260407002668,Y,크래프톤,크래프톤,20260407,자기주식취득결과보고서,,https://dart.fss.or.kr/dsaf001/main.do?rcpNo=20260407002668
com2us,00476498,078340,20260408901368,K,컴투스,컴투스,20260408,회사합병결정(종속회사의주요경영사항)              ,코정,https://dart.fss.or.kr/dsaf001/main.do?rcpNo=20260408901368
krafton,00760971,259960,20260409800789,Y,크래프톤,크래프톤,20260409,결산실적공시예고(안내공시)              ,유,https://dart.fss.or.kr/dsaf001/main.do?rcpNo=20260409800789
krafton,00760971,259960,20260409800829,Y,크래프톤,크래프톤,20260409,기업설명회(IR)개최(안내공시)              ,유,https://dart.fss.or.kr/dsaf001/main.do?rcpNo=20260409800829
pearl_abyss,01152470,263750,20260410900756,K,펄어비스,펄어비스,20260410,결산실적공시예고              ,코,https://dart.fss.or.kr/dsaf001/main.do?rcpNo=20260410900756
wemade,00444329,112040,20260413002775,K,위메이드,박관호,20260413,주식등의대량보유상황보고서(일반),,https://dart.fss.or.kr/dsaf001/main.do?rcpNo=20260413002775
ncsoft,00261443,036570,20260414001653,Y,NC,NC,20260414,주요사항보고서(자기주식처분결정),,https://dart.fss.or.kr/dsaf001/main.do?rcpNo=20260414001653
ncsoft,00261443,036570,20260414800729,Y,NC,NC,20260414,투자판단관련주요경영사항              ,유정,https://dart.fss.or.kr/dsaf001/main.do?rcpNo=20260414800729
ncsoft,00261443,036570,20260414800757,Y,NC,NC,20260414,타법인주식및출자증권취득결정(종속회사의주요경영사항)              ,유정,https://dart.fss.or.kr/dsaf001/main.do?rcpNo=20260414800757
ncsoft,00261443,036570,20260414800760,Y,NC,NC,20260414,유상증자결정(종속회사의주요경영사항)              ,유정,https://dart.fss.or.kr/dsaf001/main.do?rcpNo=20260414800760
ncsoft,00261443,036570,20260414800765,Y,NC,NC,20260414,타법인주식및출자증권취득결정              ,유정,https://dart.fss.or.kr/dsaf001/main.do?rcpNo=20260414800765
netmarble,00904672,251270,20260415000445,Y,넷마블,넷마블,20260415,[기재정정]증권신고서(주식의포괄적교환ㆍ이전),정,https://dart.fss.or.kr/dsaf001/main.do?rcpNo=20260415000445
wemade,00444329,112040,20260415900655,K,위메이드,위메이드,20260415,결산실적공시예고              ,코,https://dart.fss.or.kr/dsaf001/main.do?rcpNo=20260415900655
wemade,00444329,112040,20260415900662,K,위메이드,위메이드,20260415,기업설명회(IR)개최              ,코,https://dart.fss.or.kr/dsaf001/main.do?rcpNo=20260415900662
ncsoft,00261443,036570,20260416800110,Y,NC,NC,20260416,기업설명회(IR)개최(안내공시)              ,유정,https://dart.fss.or.kr/dsaf001/main.do?rcpNo=20260416800110
ncsoft,00261443,036570,20260416800120,Y,NC,NC,20260416,[기재정정]기업설명회(IR)개최(안내공시)              ,유,https://dart.fss.or.kr/dsaf001/main.do?rcpNo=20260416800120
wemade,00444329,112040,20260420000390,K,위메이드,박관호,20260420,주식등의대량보유상황보고서(일반),,https://dart.fss.or.kr/dsaf001/main.do?rcpNo=20260420000390
krafton,00760971,259960,20260420800615,Y,크래프톤,크래프톤,20260420,주식소각결정              ,유,https://dart.fss.or.kr/dsaf001/main.do?rcpNo=20260420800615
ncsoft,00261443,036570,20260422800548,Y,NC,NC,20260422,[기재정정]유상증자결정(종속회사의주요경영사항)              ,유,https://dart.fss.or.kr/dsaf001/main.do?rcpNo=20260422800548
ncsoft,00261443,036570,20260422800552,Y,NC,NC,20260422,[기재정정]타법인주식및출자증권취득결정              ,유,https://dart.fss.or.kr/dsaf001/main.do?rcpNo=20260422800552
com2us,00476498,078340,20260422900521,K,컴투스,컴투스,20260422,결산실적공시예고              ,코,https://dart.fss.or.kr/dsaf001/main.do?rcpNo=20260422900521
com2us,00476498,078340,20260422900525,K,컴투스,컴투스,20260422,기업설명회(IR)개최              ,코,https://dart.fss.or.kr/dsaf001/main.do?rcpNo=20260422900525
kakao_games,01137383,293490,20260422900812,K,카카오게임즈,카카오게임즈,20260422,결산실적공시예고              ,코,https://dart.fss.or.kr/dsaf001/main.do?rcpNo=20260422900812
ncsoft,00261443,036570,20260423800599,Y,NC,NC,20260423,[기재정정]투자판단관련주요경영사항              ,유,https://dart.fss.or.kr/dsaf001/main.do?rcpNo=20260423800599
ncsoft,00261443,036570,20260423800621,Y,NC,NC,20260423,[기재정정]타법인주식및출자증권취득결정(종속회사의주요경영사항)              ,유,https://dart.fss.or.kr/dsaf001/main.do?rcpNo=20260423800621
krafton,00760971,259960,20260424000644,Y,크래프톤,장병규,20260424,주식등의대량보유상황보고서(일반),,https://dart.fss.or.kr/dsaf001/main.do?rcpNo=20260424000644
netmarble,00904672,251270,20260427000358,Y,넷마블,넷마블,20260427,투자설명서,정,https://dart.fss.or.kr/dsaf001/main.do?rcpNo=20260427000358
krafton,00760971,259960,20260427000603,Y,크래프톤,장병규,20260427,임원ㆍ주요주주특정증권등소유상황보고서,,https://dart.fss.or.kr/dsaf001/main.do?rcpNo=20260427000603
krafton,00760971,259960,20260427800730,Y,크래프톤,크래프톤,20260427,최대주주등소유주식변동신고서              ,유,https://dart.fss.or.kr/dsaf001/main.do?rcpNo=20260427800730
devsisters,01008762,194480,20260427900458,K,데브시스터즈,데브시스터즈,20260427,결산실적공시예고              ,코,https://dart.fss.or.kr/dsaf001/main.do?rcpNo=20260427900458
devsisters,01008762,194480,20260427900462,K,데브시스터즈,데브시스터즈,20260427,기업설명회(IR)개최              ,코,https://dart.fss.or.kr/dsaf001/main.do?rcpNo=20260427900462
ncsoft,00261443,036570,20260428000657,Y,NC,NC,20260428,자기주식처분결과보고서,,https://dart.fss.or.kr/dsaf001/main.do?rcpNo=20260428000657
ncsoft,00261443,036570,20260428800868,Y,NC,NC,20260428,최대주주등소유주식변동신고서              ,유,https://dart.fss.or.kr/dsaf001/main.do?rcpNo=20260428800868
netmarble,00904672,251270,20260429800725,Y,넷마블,넷마블,20260429,결산실적공시예고(안내공시)              ,유,https://dart.fss.or.kr/dsaf001/main.do?rcpNo=20260429800725
netmarble,00904672,251270,20260429800740,Y,넷마블,넷마블,20260429,기업설명회(IR)개최(안내공시)              ,유,https://dart.fss.or.kr/dsaf001/main.do?rcpNo=20260429800740
krafton,00760971,259960,20260430001009,Y,크래프톤,크래프톤,20260430,주요사항보고서(자기주식취득결정),,https://dart.fss.or.kr/dsaf001/main.do?rcpNo=20260430001009
krafton,00760971,259960,20260430001031,Y,크래프톤,크래프톤,20260430,주요사항보고서(자기주식처분결정),,https://dart.fss.or.kr/dsaf001/main.do?rcpNo=20260430001031
krafton,00760971,259960,20260430800779,Y,크래프톤,크래프톤,20260430,연결재무제표기준영업(잠정)실적(공정공시)              ,유,https://dart.fss.or.kr/dsaf001/main.do?rcpNo=20260430800779
krafton,00760971,259960,20260430800803,Y,크래프톤,크래프톤,20260430,기업설명회(IR)개최(안내공시)              ,유,https://dart.fss.or.kr/dsaf001/main.do?rcpNo=20260430800803
krafton,00760971,259960,20260430800856,Y,크래프톤,크래프톤,20260430,기업가치제고계획(자율공시)              (2026년),유,https://dart.fss.or.kr/dsaf001/main.do?rcpNo=20260430800856
kakao_games,01137383,293490,20260430900072,K,카카오게임즈,카카오게임즈,20260430,연결재무제표기준영업(잠정)실적(공정공시)              ,코,https://dart.fss.or.kr/dsaf001/main.do?rcpNo=20260430900072
pearl_abyss,01152470,263750,20260430901754,K,펄어비스,펄어비스,20260430,타법인주식및출자증권처분결정(종속회사의주요경영사항)              ,코,https://dart.fss.or.kr/dsaf001/main.do?rcpNo=20260430901754
netmarble,00904672,251270,20260507800558,Y,넷마블,넷마블,20260507,연결재무제표기준영업(잠정)실적(공정공시)              ,유,https://dart.fss.or.kr/dsaf001/main.do?rcpNo=20260507800558
com2us,00476498,078340,20260508000715,K,컴투스,컴투스홀딩스,20260508,주식등의대량보유상황보고서(일반),,https://dart.fss.or.kr/dsaf001/main.do?rcpNo=20260508000715
ncsoft,00261443,036570,20260508800394,Y,NC,NC,20260508,기업설명회(IR)개최(안내공시)              ,유,https://dart.fss.or.kr/dsaf001/main.do?rcpNo=20260508800394
com2us,00476498,078340,20260508900887,K,컴투스,컴투스,20260508,기업설명회(IR)개최              ,코,https://dart.fss.or.kr/dsaf001/main.do?rcpNo=20260508900887
devsisters,01008762,194480,20260511900279,K,데브시스터즈,데브시스터즈,20260511,연결재무제표기준영업(잠정)실적(공정공시)              ,코,https://dart.fss.or.kr/dsaf001/main.do?rcpNo=20260511900279
kakao_games,01137383,293490,20260511900827,K,카카오게임즈,카카오게임즈,20260511,주주명부폐쇄기간또는기준일설정              ,코,https://dart.fss.or.kr/dsaf001/main.do?rcpNo=20260511900827
wemade,00444329,112040,20260512000604,K,위메이드,위메이드,20260512,[기재정정]주식매수선택권부여에관한신고,,https://dart.fss.or.kr/dsaf001/main.do?rcpNo=20260512000604
pearl_abyss,01152470,263750,20260512900568,K,펄어비스,펄어비스,20260512,연결재무제표기준영업(잠정)실적(공정공시)              ,코,https://dart.fss.or.kr/dsaf001/main.do?rcpNo=20260512900568
pearl_abyss,01152470,263750,20260512900569,K,펄어비스,펄어비스,20260512,연결재무제표기준영업실적등에대한전망(공정공시)              ,코정,https://dart.fss.or.kr/dsaf001/main.do?rcpNo=20260512900569
wemade,00444329,112040,20260512900570,K,위메이드,위메이드,20260512,연결재무제표기준영업(잠정)실적(공정공시)              ,코,https://dart.fss.or.kr/dsaf001/main.do?rcpNo=20260512900570
pearl_abyss,01152470,263750,20260512900573,K,펄어비스,펄어비스,20260512,기업설명회(IR)개최              ,코,https://dart.fss.or.kr/dsaf001/main.do?rcpNo=20260512900573
pearl_abyss,01152470,263750,20260512900617,K,펄어비스,펄어비스,20260512,[첨부정정]연결재무제표기준영업실적등에대한전망(공정공시)              ,코,https://dart.fss.or.kr/dsaf001/main.do?rcpNo=20260512900617
ncsoft,00261443,036570,20260513800029,Y,NC,NC,20260513,연결재무제표기준영업(잠정)실적(공정공시)              ,유,https://dart.fss.or.kr/dsaf001/main.do?rcpNo=20260513800029
com2us,00476498,078340,20260513900109,K,컴투스,컴투스,20260513,연결재무제표기준영업(잠정)실적(공정공시)              ,코,https://dart.fss.or.kr/dsaf001/main.do?rcpNo=20260513900109
com2us,00476498,078340,20260513900110,K,컴투스,컴투스,20260513,영업(잠정)실적(공정공시)              ,코,https://dart.fss.or.kr/dsaf001/main.do?rcpNo=20260513900110
krafton,00760971,259960,20260514000896,Y,크래프톤,장태석,20260514,임원ㆍ주요주주특정증권등소유상황보고서,,https://dart.fss.or.kr/dsaf001/main.do?rcpNo=20260514000896
netmarble,00904672,251270,20260514000897,Y,넷마블,넷마블,20260514,분기보고서 (2026.03),,https://dart.fss.or.kr/dsaf001/main.do?rcpNo=20260514000897
ncsoft,00261443,036570,20260514000915,Y,NC,국민연금공단,20260514,임원ㆍ주요주주특정증권등소유상황보고서,,https://dart.fss.or.kr/dsaf001/main.do?rcpNo=20260514000915
krafton,00760971,259960,20260514000977,Y,크래프톤,박혜리,20260514,임원ㆍ주요주주특정증권등소유상황보고서,,https://dart.fss.or.kr/dsaf001/main.do?rcpNo=20260514000977
krafton,00760971,259960,20260514001025,Y,크래프톤,장병규,20260514,주식등의대량보유상황보고서(일반),,https://dart.fss.or.kr/dsaf001/main.do?rcpNo=20260514001025
netmarble,00904672,251270,20260514001500,Y,넷마블,넷마블,20260514,[기재정정]증권신고서(주식의포괄적교환ㆍ이전),정,https://dart.fss.or.kr/dsaf001/main.do?rcpNo=20260514001500
netmarble,00904672,251270,20260514001506,Y,넷마블,넷마블,20260514,[첨부정정]증권신고서(주식의포괄적교환ㆍ이전),,https://dart.fss.or.kr/dsaf001/main.do?rcpNo=20260514001506
krafton,00760971,259960,20260514801128,Y,크래프톤,크래프톤,20260514,최대주주등소유주식변동신고서              ,유,https://dart.fss.or.kr/dsaf001/main.do?rcpNo=20260514801128
com2us,00476498,078340,20260514901503,K,컴투스,컴투스,20260514,[기재정정]회사합병결정(종속회사의주요경영사항)              ,코,https://dart.fss.or.kr/dsaf001/main.do?rcpNo=20260514901503
netmarble,00904672,251270,20260514001508,Y,넷마블,넷마블,20260515,[기재정정]투자설명서,,https://dart.fss.or.kr/dsaf001/main.do?rcpNo=20260514001508
kakao_games,01137383,293490,20260515002470,K,카카오게임즈,카카오게임즈,20260515,분기보고서 (2026.03),,https://dart.fss.or.kr/dsaf001/main.do?rcpNo=20260515002470
ncsoft,00261443,036570,20260515002636,Y,NC,NC,20260515,분기보고서 (2026.03),,https://dart.fss.or.kr/dsaf001/main.do?rcpNo=20260515002636
pearl_abyss,01152470,263750,20260515002684,K,펄어비스,펄어비스,20260515,분기보고서 (2026.03),,https://dart.fss.or.kr/dsaf001/main.do?rcpNo=20260515002684
krafton,00760971,259960,20260515002689,Y,크래프톤,크래프톤,20260515,[기재정정]사업보고서 (2025.12),연,https://dart.fss.or.kr/dsaf001/main.do?rcpNo=20260515002689
devsisters,01008762,194480,20260515002740,K,데브시스터즈,데브시스터즈,20260515,분기보고서 (2026.03),,https://dart.fss.or.kr/dsaf001/main.do?rcpNo=20260515002740
krafton,00760971,259960,20260515002756,Y,크래프톤,크래프톤,20260515,분기보고서 (2026.03),,https://dart.fss.or.kr/dsaf001/main.do?rcpNo=20260515002756
wemade,00444329,112040,20260515002831,K,위메이드,위메이드,20260515,분기보고서 (2026.03),,https://dart.fss.or.kr/dsaf001/main.do?rcpNo=20260515002831
com2us,00476498,078340,20260515002977,K,컴투스,컴투스,20260515,분기보고서 (2026.03),,https://dart.fss.or.kr/dsaf001/main.do?rcpNo=20260515002977
netmarble,00904672,251270,20260518800906,Y,넷마블,넷마블,20260518,최대주주등소유주식변동신고서              ,유,https://dart.fss.or.kr/dsaf001/main.do?rcpNo=20260518800906
com2us,00476498,078340,20260520000290,K,컴투스,이상윤,20260520,임원ㆍ주요주주특정증권등소유상황보고서,,https://dart.fss.or.kr/dsaf001/main.do?rcpNo=20260520000290
kakao_games,01137383,293490,20260520900696,K,카카오게임즈,카카오게임즈,20260520,교환사채(해외교환사채포함)발행후만기전사채취득              ,코,https://dart.fss.or.kr/dsaf001/main.do?rcpNo=20260520900696
pearl_abyss,01152470,263750,20260526900452,K,펄어비스,펄어비스,20260526,기업설명회(IR)개최              ,코,https://dart.fss.or.kr/dsaf001/main.do?rcpNo=20260526900452
netmarble,00904672,251270,20260514100153,Y,넷마블,금융감독원,20260527,효력발생안내( 2026.5.14. 제출 증권신고서(주식의포괄적교환ㆍ이전) ),,https://dart.fss.or.kr/dsaf001/main.do?rcpNo=20260514100153
krafton,00760971,259960,20260527000517,Y,크래프톤,장병규,20260527,주식등의대량보유상황보고서(일반),,https://dart.fss.or.kr/dsaf001/main.do?rcpNo=20260527000517
krafton,00760971,259960,20260527000538,Y,크래프톤,박혜리,20260527,임원ㆍ주요주주특정증권등소유상황보고서,,https://dart.fss.or.kr/dsaf001/main.do?rcpNo=20260527000538
krafton,00760971,259960,20260527800778,Y,크래프톤,크래프톤,20260527,최대주주등소유주식변동신고서              ,유정,https://dart.fss.or.kr/dsaf001/main.do?rcpNo=20260527800778
netmarble,00904672,251270,20260529000554,Y,넷마블,방준혁,20260529,대규모기업집단현황공시[연1회(동일인용)],공,https://dart.fss.or.kr/dsaf001/main.do?rcpNo=20260529000554
netmarble,00904672,251270,20260529000562,Y,넷마블,넷마블,20260529,대규모기업집단현황공시[연1회공시및1/4분기용(대표회사)],공정,https://dart.fss.or.kr/dsaf001/main.do?rcpNo=20260529000562
kakao_games,01137383,293490,20260529002223,K,카카오게임즈,카카오게임즈,20260529,[기재정정]주요사항보고서(유상증자결정),,https://dart.fss.or.kr/dsaf001/main.do?rcpNo=20260529002223
kakao_games,01137383,293490,20260529002244,K,카카오게임즈,카카오게임즈,20260529,[기재정정]주요사항보고서(전환사채권발행결정),,https://dart.fss.or.kr/dsaf001/main.do?rcpNo=20260529002244
ncsoft,00261443,036570,20260529801816,Y,NC,NC,20260529,[기재정정]단일판매ㆍ공급계약체결              ,유,https://dart.fss.or.kr/dsaf001/main.do?rcpNo=20260529801816
krafton,00760971,259960,20260601000313,Y,크래프톤,크래프톤,20260601,대규모기업집단현황공시[연1회공시및1/4분기용(대표회사)],공정,https://dart.fss.or.kr/dsaf001/main.do?rcpNo=20260601000313
krafton,00760971,259960,20260601000959,Y,크래프톤,크래프톤,20260601,[기재정정]대규모기업집단현황공시[연1회공시및1/4분기용(대표회사)],공정,https://dart.fss.or.kr/dsaf001/main.do?rcpNo=20260601000959
krafton,00760971,259960,20260601001090,Y,크래프톤,장병규,20260601,대규모기업집단현황공시[연1회(동일인용)],공,https://dart.fss.or.kr/dsaf001/main.do?rcpNo=20260601001090
kakao_games,01137383,293490,20260601001605,K,카카오게임즈,카카오게임즈,20260601,대규모기업집단현황공시[연1회공시및1/4분기용(개별회사)],공,https://dart.fss.or.kr/dsaf001/main.do?rcpNo=20260601001605
krafton,00760971,259960,20260601800831,Y,크래프톤,크래프톤,20260601,기업지배구조보고서공시              ,유,https://dart.fss.or.kr/dsaf001/main.do?rcpNo=20260601800831
ncsoft,00261443,036570,20260601801259,Y,NC,NC,20260601,기업지배구조보고서공시              ,유,https://dart.fss.or.kr/dsaf001/main.do?rcpNo=20260601801259
netmarble,00904672,251270,20260601801838,Y,넷마블,넷마블,20260601,기업지배구조보고서공시              ,유,https://dart.fss.or.kr/dsaf001/main.do?rcpNo=20260601801838
krafton,00760971,259960,20260602000301,Y,크래프톤,크래프톤,20260602,자기주식처분결과보고서,,https://dart.fss.or.kr/dsaf001/main.do?rcpNo=20260602000301
wemade,00444329,112040,20260604000464,K,위메이드,박관호,20260604,주식등의대량보유상황보고서(일반),,https://dart.fss.or.kr/dsaf001/main.do?rcpNo=20260604000464
netmarble,00904672,251270,20260604800529,Y,넷마블,넷마블,20260604,유형자산처분결정              ,유,https://dart.fss.or.kr/dsaf001/main.do?rcpNo=20260604800529
kakao_games,01137383,293490,20260604900511,K,카카오게임즈,카카오게임즈,20260604,주주총회소집결의              ,코,https://dart.fss.or.kr/dsaf001/main.do?rcpNo=20260604900511
kakao_games,01137383,293490,20260605000429,K,카카오게임즈,카카오게임즈,20260605,주주총회소집공고,,https://dart.fss.or.kr/dsaf001/main.do?rcpNo=20260605000429
ncsoft,00261443,036570,20260608000201,Y,NC,"WestwoodGlobalInvestments,LLC",20260608,주식등의대량보유상황보고서(약식),,https://dart.fss.or.kr/dsaf001/main.do?rcpNo=20260608000201
krafton,00760971,259960,20260608000265,Y,크래프톤,장병규,20260608,임원ㆍ주요주주특정증권등소유상황보고서,,https://dart.fss.or.kr/dsaf001/main.do?rcpNo=20260608000265
krafton,00760971,259960,20260608000271,Y,크래프톤,배동근,20260608,임원ㆍ주요주주특정증권등소유상황보고서,,https://dart.fss.or.kr/dsaf001/main.do?rcpNo=20260608000271
krafton,00760971,259960,20260608000289,Y,크래프톤,이강욱,20260608,임원ㆍ주요주주특정증권등소유상황보고서,,https://dart.fss.or.kr/dsaf001/main.do?rcpNo=20260608000289
krafton,00760971,259960,20260608000318,Y,크래프톤,Ko Thomas Woonyoung,20260608,임원ㆍ주요주주특정증권등소유상황보고서,,https://dart.fss.or.kr/dsaf001/main.do?rcpNo=20260608000318
krafton,00760971,259960,20260608000329,Y,크래프톤,오진호,20260608,임원ㆍ주요주주특정증권등소유상황보고서,,https://dart.fss.or.kr/dsaf001/main.do?rcpNo=20260608000329
krafton,00760971,259960,20260608000348,Y,크래프톤,장병규,20260608,주식등의대량보유상황보고서(일반),,https://dart.fss.or.kr/dsaf001/main.do?rcpNo=20260608000348
krafton,00760971,259960,20260608800675,Y,크래프톤,크래프톤,20260608,[기재정정]최대주주등소유주식변동신고서              ,유,https://dart.fss.or.kr/dsaf001/main.do?rcpNo=20260608800675
krafton,00760971,259960,20260608800908,Y,크래프톤,크래프톤,20260608,최대주주등소유주식변동신고서              ,유,https://dart.fss.or.kr/dsaf001/main.do?rcpNo=20260608800908
pearl_abyss,01152470,263750,20260609000374,K,펄어비스,펄어비스,20260609,주요사항보고서(자기주식취득신탁계약체결결정),,https://dart.fss.or.kr/dsaf001/main.do?rcpNo=20260609000374
pearl_abyss,01152470,263750,20260609900498,K,펄어비스,펄어비스,20260609,기업가치제고계획(자율공시)              ,코,https://dart.fss.or.kr/dsaf001/main.do?rcpNo=20260609900498
pearl_abyss,01152470,263750,20260609900503,K,펄어비스,펄어비스,20260609,주식소각결정              ,코,https://dart.fss.or.kr/dsaf001/main.do?rcpNo=20260609900503
ncsoft,00261443,036570,20260610800771,Y,NC,NC,20260610,최대주주등소유주식변동신고서              ,유,https://dart.fss.or.kr/dsaf001/main.do?rcpNo=20260610800771
ncsoft,00261443,036570,20260610800777,Y,NC,NC,20260610,기업설명회(IR)개최(안내공시)              ,유,https://dart.fss.or.kr/dsaf001/main.do?rcpNo=20260610800777
krafton,00760971,259960,20260612000466,Y,크래프톤,장병규,20260612,주식등의대량보유상황보고서(일반),,https://dart.fss.or.kr/dsaf001/main.do?rcpNo=20260612000466
krafton,00760971,259960,20260612800725,Y,크래프톤,크래프톤,20260612,최대주주등소유주식변동신고서              ,유,https://dart.fss.or.kr/dsaf001/main.do?rcpNo=20260612800725
com2us,00476498,078340,20260615000007,K,컴투스,이상윤,20260615,임원ㆍ주요주주특정증권등소유상황보고서,,https://dart.fss.or.kr/dsaf001/main.do?rcpNo=20260615000007
wemade,00444329,112040,20260615000308,K,위메이드,박관호,20260615,주식등의대량보유상황보고서(일반),,https://dart.fss.or.kr/dsaf001/main.do?rcpNo=20260615000308
com2us,00476498,078340,20260619900453,K,컴투스,컴투스,20260619,기업설명회(IR)개최              ,코,https://dart.fss.or.kr/dsaf001/main.do?rcpNo=20260619900453
kakao_games,01137383,293490,20260619900965,K,카카오게임즈,카카오게임즈,20260619,증권발행결과(자율공시)              ,코,https://dart.fss.or.kr/dsaf001/main.do?rcpNo=20260619900965
kakao_games,01137383,293490,20260619900967,K,카카오게임즈,카카오게임즈,20260619,증권발행결과(자율공시)              ,코,https://dart.fss.or.kr/dsaf001/main.do?rcpNo=20260619900967
kakao_games,01137383,293490,20260619900968,K,카카오게임즈,카카오게임즈,20260619,최대주주변경              ,코,https://dart.fss.or.kr/dsaf001/main.do?rcpNo=20260619900968
kakao_games,01137383,293490,20260622000077,K,카카오게임즈,카카오게임즈,20260622,독립이사의선임ㆍ해임또는중도퇴임에관한신고,,https://dart.fss.or.kr/dsaf001/main.do?rcpNo=20260622000077
kakao_games,01137383,293490,20260622900249,K,카카오게임즈,카카오게임즈,20260622,임시주주총회결과              ,코,https://dart.fss.or.kr/dsaf001/main.do?rcpNo=20260622900249
kakao_games,01137383,293490,20260622900255,K,카카오게임즈,카카오게임즈,20260622,대표이사변경              ,코,https://dart.fss.or.kr/dsaf001/main.do?rcpNo=20260622900255
ncsoft,00261443,036570,20260624800679,Y,NC,NC,20260624,지속가능경영보고서등관련사항(자율공시)              ,유,https://dart.fss.or.kr/dsaf001/main.do?rcpNo=20260624800679
netmarble,00904672,251270,20260625000442,Y,넷마블,넷마블,20260625,신탁계약에의한취득상황보고서,,https://dart.fss.or.kr/dsaf001/main.do?rcpNo=20260625000442
netmarble,00904672,251270,20260625000446,Y,넷마블,넷마블,20260625,주요사항보고서(자기주식취득신탁계약해지결정),,https://dart.fss.or.kr/dsaf001/main.do?rcpNo=20260625000446
netmarble,00904672,251270,20260625000496,Y,넷마블,넷마블,20260625,신탁계약해지결과보고서,,https://dart.fss.or.kr/dsaf001/main.do?rcpNo=20260625000496
kakao_games,01137383,293490,20260625000541,K,카카오게임즈,카카오,20260625,주식등의대량보유상황보고서(일반),,https://dart.fss.or.kr/dsaf001/main.do?rcpNo=20260625000541
kakao_games,01137383,293490,20260625000547,K,카카오게임즈,엘트리플에이인베스트먼트,20260625,주식등의대량보유상황보고서(일반),,https://dart.fss.or.kr/dsaf001/main.do?rcpNo=20260625000547
kakao_games,01137383,293490,20260625000551,K,카카오게임즈,카카오,20260625,임원ㆍ주요주주특정증권등소유상황보고서,,https://dart.fss.or.kr/dsaf001/main.do?rcpNo=20260625000551
kakao_games,01137383,293490,20260625000556,K,카카오게임즈,엘트리플에이인베스트먼트,20260625,임원ㆍ주요주주특정증권등소유상황보고서,,https://dart.fss.or.kr/dsaf001/main.do?rcpNo=20260625000556
kakao_games,01137383,293490,20260625000560,K,카카오게임즈,이시우,20260625,임원ㆍ주요주주특정증권등소유상황보고서,,https://dart.fss.or.kr/dsaf001/main.do?rcpNo=20260625000560
kakao_games,01137383,293490,20260625900683,K,카카오게임즈,카카오게임즈,20260625,최대주주변경을수반하는주식담보제공계약체결              ,코,https://dart.fss.or.kr/dsaf001/main.do?rcpNo=20260625900683
pearl_abyss,01152470,263750,20260625900739,K,펄어비스,펄어비스,20260625,해산사유발생(종속회사의주요경영사항)              ,코,https://dart.fss.or.kr/dsaf001/main.do?rcpNo=20260625900739
pearl_abyss,01152470,263750,20260625900858,K,펄어비스,펄어비스,20260625,기업설명회(IR)개최              ,코,https://dart.fss.or.kr/dsaf001/main.do?rcpNo=20260625900858
krafton,00760971,259960,20260626000498,Y,크래프톤,장병규,20260626,주식등의대량보유상황보고서(일반),,https://dart.fss.or.kr/dsaf001/main.do?rcpNo=20260626000498
krafton,00760971,259960,20260626000565,Y,크래프톤,크래프톤,20260626,자기주식취득결과보고서,,https://dart.fss.or.kr/dsaf001/main.do?rcpNo=20260626000565
krafton,00760971,259960,20260626800825,Y,크래프톤,크래프톤,20260626,최대주주등소유주식변동신고서              ,유,https://dart.fss.or.kr/dsaf001/main.do?rcpNo=20260626800825
kakao_games,01137383,293490,20260626900275,K,카카오게임즈,카카오게임즈,20260626,지속가능경영보고서등관련사항(자율공시)              ,코,https://dart.fss.or.kr/dsaf001/main.do?rcpNo=20260626900275
devsisters,01008762,194480,20260626901311,K,데브시스터즈,코스닥시장본부,20260626,소속부변경              ,코,https://dart.fss.or.kr/dsaf001/main.do?rcpNo=20260626901311
krafton,00760971,259960,20260629800869,Y,크래프톤,크래프톤,20260629,지속가능경영보고서등관련사항(자율공시)              ,유,https://dart.fss.or.kr/dsaf001/main.do?rcpNo=20260629800869
wemade,00444329,112040,20260629900348,K,위메이드,위메이드,20260629,지속가능경영보고서등관련사항(자율공시)              ,코,https://dart.fss.or.kr/dsaf001/main.do?rcpNo=20260629900348
pearl_abyss,01152470,263750,20260630000989,K,펄어비스,김대일,20260630,주식등의대량보유상황보고서(일반),,https://dart.fss.or.kr/dsaf001/main.do?rcpNo=20260630000989
krafton,00760971,259960,20260630800855,Y,크래프톤,크래프톤,20260630,[기재정정]타법인주식및출자증권취득결정              ,유,https://dart.fss.or.kr/dsaf001/main.do?rcpNo=20260630800855
netmarble,00904672,251270,20260630800923,Y,넷마블,넷마블,20260630,지속가능경영보고서등관련사항(자율공시)              ,유,https://dart.fss.or.kr/dsaf001/main.do?rcpNo=20260630800923
krafton,00760971,259960,20260630800960,Y,크래프톤,크래프톤,20260630,기업설명회(IR)개최(안내공시)              ,유,https://dart.fss.or.kr/dsaf001/main.do?rcpNo=20260630800960
com2us,00476498,078340,20260630900468,K,컴투스,컴투스,20260630,지속가능경영보고서등관련사항(자율공시)              ,코,https://dart.fss.or.kr/dsaf001/main.do?rcpNo=20260630900468
wemade,00444329,112040,20260630900888,K,위메이드,위메이드,20260630,최대주주변경을수반하는주식양수도계약체결              ,코정,https://dart.fss.or.kr/dsaf001/main.do?rcpNo=20260630900888
pearl_abyss,01152470,263750,20260630901312,K,펄어비스,펄어비스,20260630,지속가능경영보고서등관련사항(자율공시)              ,코,https://dart.fss.or.kr/dsaf001/main.do?rcpNo=20260630901312
wemade,00444329,112040,20260630901591,K,위메이드,위메이드,20260630,[기재정정]최대주주변경을수반하는주식양수도계약체결              ,코,https://dart.fss.or.kr/dsaf001/main.do?rcpNo=20260630901591
ncsoft,00261443,036570,20260701000243,Y,NC,국민연금공단,20260701,주식등의대량보유상황보고서(약식),,https://dart.fss.or.kr/dsaf001/main.do?rcpNo=20260701000243
krafton,00760971,259960,20260701800253,Y,크래프톤,크래프톤,20260701,소송등의판결ㆍ결정(일정금액이상의청구)              ,유,https://dart.fss.or.kr/dsaf001/main.do?rcpNo=20260701800253
ncsoft,00261443,036570,20260702000258,Y,NC,국민연금공단,20260702,임원ㆍ주요주주특정증권등소유상황보고서,,https://dart.fss.or.kr/dsaf001/main.do?rcpNo=20260702000258
wemade,00444329,112040,20260706000261,K,위메이드,박관호,20260706,주식등의대량보유상황보고서(일반),,https://dart.fss.or.kr/dsaf001/main.do?rcpNo=20260706000261
wemade,00444329,112040,20260706000473,K,위메이드,네오펄스,20260706,주식등의대량보유상황보고서(일반),,https://dart.fss.or.kr/dsaf001/main.do?rcpNo=20260706000473
krafton,00760971,259960,20260708800509,Y,크래프톤,크래프톤,20260708,결산실적공시예고(안내공시)              ,유,https://dart.fss.or.kr/dsaf001/main.do?rcpNo=20260708800509
krafton,00760971,259960,20260708800527,Y,크래프톤,크래프톤,20260708,기업설명회(IR)개최(안내공시)              ,유,https://dart.fss.or.kr/dsaf001/main.do?rcpNo=20260708800527
kakao_games,01137383,293490,20260708900659,K,카카오게임즈,카카오게임즈,20260708,주주명부폐쇄기간또는기준일설정              ,코,https://dart.fss.or.kr/dsaf001/main.do?rcpNo=20260708900659
kakao_games,01137383,293490,20260708900662,K,카카오게임즈,카카오게임즈,20260708,주식소각결정              ,코,https://dart.fss.or.kr/dsaf001/main.do?rcpNo=20260708900662
kakao_games,01137383,293490,20260708900680,K,카카오게임즈,카카오게임즈,20260708,수시공시의무관련사항(공정공시)              ,코,https://dart.fss.or.kr/dsaf001/main.do?rcpNo=20260708900680
netmarble,00904672,251270,20260716000337,Y,넷마블,넷마블,20260716,[기재정정]대규모기업집단현황공시[연1회공시및1/4분기용(대표회사)],공,https://dart.fss.or.kr/dsaf001/main.do?rcpNo=20260716000337
pearl_abyss,01152470,263750,20260716900703,K,펄어비스,펄어비스,20260716,결산실적공시예고              ,코,https://dart.fss.or.kr/dsaf001/main.do?rcpNo=20260716900703
wemade,00444329,112040,20260716900725,K,위메이드,위메이드,20260716,결산실적공시예고              ,코,https://dart.fss.or.kr/dsaf001/main.do?rcpNo=20260716900725
wemade,00444329,112040,20260720000292,K,위메이드,박관호,20260720,주식등의대량보유상황보고서(일반),,https://dart.fss.or.kr/dsaf001/main.do?rcpNo=20260720000292
wemade,00444329,112040,20260721000875,K,위메이드,위메이드,20260721,주요사항보고서(자기주식처분결정),,https://dart.fss.or.kr/dsaf001/main.do?rcpNo=20260721000875
krafton,00760971,259960,20260721001347,Y,크래프톤,크래프톤,20260721,[기재정정]대규모기업집단현황공시[연1회공시및1/4분기용(대표회사)],공,https://dart.fss.or.kr/dsaf001/main.do?rcpNo=20260721001347
ncsoft,00261443,036570,20260722800426,Y,NC,NC,20260722,기업설명회(IR)개최(안내공시)              ,유,https://dart.fss.or.kr/dsaf001/main.do?rcpNo=20260722800426
com2us,00476498,078340,20260722900260,K,컴투스,컴투스,20260722,결산실적공시예고              ,코,https://dart.fss.or.kr/dsaf001/main.do?rcpNo=20260722900260
kakao_games,01137383,293490,20260722900809,K,카카오게임즈,카카오게임즈,20260722,결산실적공시예고              ,코,https://dart.fss.or.kr/dsaf001/main.do?rcpNo=20260722900809
kakao_games,01137383,293490,20260722900811,K,카카오게임즈,카카오게임즈,20260722,기업설명회(IR)개최              ,코,https://dart.fss.or.kr/dsaf001/main.do?rcpNo=20260722900811
