company_id,company_name,corp_code,stock_code,period_label,business_year,report_code,report_name,rcept_no,fs_div,fs_nm,sj_div,sj_nm,account_nm,bfefrmtrm_amount,bfefrmtrm_dt,bfefrmtrm_nm,bsns_year,currency,frmtrm_add_amount,frmtrm_amount,frmtrm_dt,frmtrm_nm,ord,reprt_code,source_endpoint,thstrm_add_amount,thstrm_amount,thstrm_dt,thstrm_nm
ncsoft,NC,00261443,036570,FY2025,2025,11011,Annual report,20260318001448,CFS,연결재무제표,BS,재무상태표,유동자산,"2,336,838,507,769",2023.12.31 현재,제 27 기,2025,KRW,,"1,788,536,858,276",2024.12.31 현재,제 28 기,1,11011,fnlttSinglAcnt,,"2,266,589,528,444",2025.12.31 현재,제 29 기
ncsoft,NC,00261443,036570,FY2025,2025,11011,Annual report,20260318001448,CFS,연결재무제표,BS,재무상태표,비유동자산,"2,056,961,916,134",2023.12.31 현재,제 27 기,2025,KRW,,"2,165,404,333,138",2024.12.31 현재,제 28 기,3,11011,fnlttSinglAcnt,,"2,066,550,941,179",2025.12.31 현재,제 29 기
ncsoft,NC,00261443,036570,FY2025,2025,11011,Annual report,20260318001448,CFS,연결재무제표,BS,재무상태표,자산총계,"4,393,800,423,903",2023.12.31 현재,제 27 기,2025,KRW,,"3,953,941,191,414",2024.12.31 현재,제 28 기,5,11011,fnlttSinglAcnt,,"4,333,140,469,623",2025.12.31 현재,제 29 기
ncsoft,NC,00261443,036570,FY2025,2025,11011,Annual report,20260318001448,CFS,연결재무제표,BS,재무상태표,유동부채,"614,287,467,808",2023.12.31 현재,제 27 기,2025,KRW,,"322,187,630,188",2024.12.31 현재,제 28 기,7,11011,fnlttSinglAcnt,,"641,189,944,715",2025.12.31 현재,제 29 기
ncsoft,NC,00261443,036570,FY2025,2025,11011,Annual report,20260318001448,CFS,연결재무제표,BS,재무상태표,비유동부채,"526,484,415,545",2023.12.31 현재,제 27 기,2025,KRW,,"568,164,926,652",2024.12.31 현재,제 28 기,9,11011,fnlttSinglAcnt,,"321,519,695,713",2025.12.31 현재,제 29 기
ncsoft,NC,00261443,036570,FY2025,2025,11011,Annual report,20260318001448,CFS,연결재무제표,BS,재무상태표,부채총계,"1,140,771,883,353",2023.12.31 현재,제 27 기,2025,KRW,,"890,352,556,840",2024.12.31 현재,제 28 기,11,11011,fnlttSinglAcnt,,"962,709,640,428",2025.12.31 현재,제 29 기
ncsoft,NC,00261443,036570,FY2025,2025,11011,Annual report,20260318001448,CFS,연결재무제표,BS,재무상태표,자본금,"10,977,011,000",2023.12.31 현재,제 27 기,2025,KRW,,"10,977,011,000",2024.12.31 현재,제 28 기,13,11011,fnlttSinglAcnt,,"10,977,011,000",2025.12.31 현재,제 29 기
ncsoft,NC,00261443,036570,FY2025,2025,11011,Annual report,20260318001448,CFS,연결재무제표,BS,재무상태표,이익잉여금,"3,472,646,963,393",2023.12.31 현재,제 27 기,2025,KRW,,"3,473,871,298,903",2024.12.31 현재,제 28 기,17,11011,fnlttSinglAcnt,,"3,669,049,319,396",2025.12.31 현재,제 29 기
ncsoft,NC,00261443,036570,FY2025,2025,11011,Annual report,20260318001448,CFS,연결재무제표,BS,재무상태표,자본총계,"3,253,028,540,550",2023.12.31 현재,제 27 기,2025,KRW,,"3,063,588,634,574",2024.12.31 현재,제 28 기,21,11011,fnlttSinglAcnt,,"3,370,430,829,195",2025.12.31 현재,제 29 기
ncsoft,NC,00261443,036570,FY2025,2025,11011,Annual report,20260318001448,CFS,연결재무제표,IS,손익계산서,매출액,"1,779,832,977,766",2023.01.01 ~ 2023.12.31,제 27 기,2025,KRW,,"1,578,123,132,867",2024.01.01 ~ 2024.12.31,제 28 기,23,11011,fnlttSinglAcnt,,"1,506,925,065,850",2025.01.01 ~ 2025.12.31,제 29 기
ncsoft,NC,00261443,036570,FY2025,2025,11011,Annual report,20260318001448,CFS,연결재무제표,IS,손익계산서,영업이익,"137,283,512,800",2023.01.01 ~ 2023.12.31,제 27 기,2025,KRW,,"-109,215,374,026",2024.01.01 ~ 2024.12.31,제 28 기,25,11011,fnlttSinglAcnt,,"16,078,426,029",2025.01.01 ~ 2025.12.31,제 29 기
ncsoft,NC,00261443,036570,FY2025,2025,11011,Annual report,20260318001448,CFS,연결재무제표,IS,손익계산서,법인세차감전 순이익,"206,228,072,170",2023.01.01 ~ 2023.12.31,제 27 기,2025,KRW,,"120,907,926,825",2024.01.01 ~ 2024.12.31,제 28 기,27,11011,fnlttSinglAcnt,,"461,358,049,348",2025.01.01 ~ 2025.12.31,제 29 기
ncsoft,NC,00261443,036570,FY2025,2025,11011,Annual report,20260318001448,CFS,연결재무제표,IS,손익계산서,당기순이익(손실),"213,914,315,973",2023.01.01 ~ 2023.12.31,제 27 기,2025,KRW,,"94,115,833,907",2024.01.01 ~ 2024.12.31,제 28 기,29,11011,fnlttSinglAcnt,,"347,421,554,268",2025.01.01 ~ 2025.12.31,제 29 기
ncsoft,NC,00261443,036570,FY2025,2025,11011,Annual report,20260318001448,CFS,연결재무제표,IS,손익계산서,당기순이익(손실),"213,914,315,973",2023.01.01 ~ 2023.12.31,제 27 기,2025,KRW,,"94,115,833,907",2024.01.01 ~ 2024.12.31,제 28 기,61,11011,fnlttSinglAcnt,,"347,421,554,268",2025.01.01 ~ 2025.12.31,제 29 기
ncsoft,NC,00261443,036570,FY2025,2025,11011,Annual report,20260318001448,CFS,연결재무제표,IS,손익계산서,총포괄손익,"191,016,792,553",2023.01.01 ~ 2023.12.31,제 27 기,2025,KRW,,"48,233,270,523",2024.01.01 ~ 2024.12.31,제 28 기,63,11011,fnlttSinglAcnt,,"336,586,438,827",2025.01.01 ~ 2025.12.31,제 29 기
ncsoft,NC,00261443,036570,FY2025,2025,11011,Annual report,20260318001448,CFS,연결재무제표,IS,손익계산서,영업비용,"1,642,549,464,966",2023.01.01 ~ 2023.12.31,제 27 기,2025,KRW,,"1,687,338,506,893",2024.01.01 ~ 2024.12.31,제 28 기,65,11011,fnlttSinglAcnt,,"1,490,846,639,821",2025.01.01 ~ 2025.12.31,제 29 기
ncsoft,NC,00261443,036570,Q1_2026,2026,11013,First-quarter report,20260515002636,CFS,연결재무제표,BS,재무상태표,유동자산,,,,2026,KRW,,"2,266,589,528,444",2025.12.31 현재,제 29 기말,1,11013,fnlttSinglAcnt,,"2,350,568,162,102",2026.03.31 현재,제 30 기1분기말
ncsoft,NC,00261443,036570,Q1_2026,2026,11013,First-quarter report,20260515002636,CFS,연결재무제표,BS,재무상태표,비유동자산,,,,2026,KRW,,"2,066,550,941,179",2025.12.31 현재,제 29 기말,3,11013,fnlttSinglAcnt,,"2,233,021,595,117",2026.03.31 현재,제 30 기1분기말
ncsoft,NC,00261443,036570,Q1_2026,2026,11013,First-quarter report,20260515002636,CFS,연결재무제표,BS,재무상태표,자산총계,,,,2026,KRW,,"4,333,140,469,623",2025.12.31 현재,제 29 기말,5,11013,fnlttSinglAcnt,,"4,583,589,757,219",2026.03.31 현재,제 30 기1분기말
ncsoft,NC,00261443,036570,Q1_2026,2026,11013,First-quarter report,20260515002636,CFS,연결재무제표,BS,재무상태표,유동부채,,,,2026,KRW,,"641,189,944,715",2025.12.31 현재,제 29 기말,7,11013,fnlttSinglAcnt,,"742,490,874,952",2026.03.31 현재,제 30 기1분기말
ncsoft,NC,00261443,036570,Q1_2026,2026,11013,First-quarter report,20260515002636,CFS,연결재무제표,BS,재무상태표,비유동부채,,,,2026,KRW,,"321,519,695,713",2025.12.31 현재,제 29 기말,9,11013,fnlttSinglAcnt,,"299,360,591,767",2026.03.31 현재,제 30 기1분기말
ncsoft,NC,00261443,036570,Q1_2026,2026,11013,First-quarter report,20260515002636,CFS,연결재무제표,BS,재무상태표,부채총계,,,,2026,KRW,,"962,709,640,428",2025.12.31 현재,제 29 기말,11,11013,fnlttSinglAcnt,,"1,041,851,466,719",2026.03.31 현재,제 30 기1분기말
ncsoft,NC,00261443,036570,Q1_2026,2026,11013,First-quarter report,20260515002636,CFS,연결재무제표,BS,재무상태표,자본금,,,,2026,KRW,,"10,977,011,000",2025.12.31 현재,제 29 기말,13,11013,fnlttSinglAcnt,,"10,977,011,000",2026.03.31 현재,제 30 기1분기말
ncsoft,NC,00261443,036570,Q1_2026,2026,11013,First-quarter report,20260515002636,CFS,연결재무제표,BS,재무상태표,이익잉여금,,,,2026,KRW,,"3,669,049,319,396",2025.12.31 현재,제 29 기말,17,11013,fnlttSinglAcnt,,"3,800,108,036,690",2026.03.31 현재,제 30 기1분기말
ncsoft,NC,00261443,036570,Q1_2026,2026,11013,First-quarter report,20260515002636,CFS,연결재무제표,BS,재무상태표,자본총계,,,,2026,KRW,,"3,370,430,829,195",2025.12.31 현재,제 29 기말,21,11013,fnlttSinglAcnt,,"3,541,738,290,500",2026.03.31 현재,제 30 기1분기말
ncsoft,NC,00261443,036570,Q1_2026,2026,11013,First-quarter report,20260515002636,CFS,연결재무제표,IS,손익계산서,매출액,,,,2026,KRW,"360,277,552,006","360,277,552,006",2025.01.01 ~ 2025.03.31,제 29 기1분기,23,11013,fnlttSinglAcnt,"557,383,155,711","557,383,155,711",2026.01.01 ~ 2026.03.31,제 30 기1분기
ncsoft,NC,00261443,036570,Q1_2026,2026,11013,First-quarter report,20260515002636,CFS,연결재무제표,IS,손익계산서,영업이익,,,,2026,KRW,"5,219,932,730","5,219,932,730",2025.01.01 ~ 2025.03.31,제 29 기1분기,25,11013,fnlttSinglAcnt,"113,276,557,964","113,276,557,964",2026.01.01 ~ 2026.03.31,제 30 기1분기
ncsoft,NC,00261443,036570,Q1_2026,2026,11013,First-quarter report,20260515002636,CFS,연결재무제표,IS,손익계산서,법인세차감전 순이익,,,,2026,KRW,"31,251,612,680","31,251,612,680",2025.01.01 ~ 2025.03.31,제 29 기1분기,27,11013,fnlttSinglAcnt,"187,290,144,921","187,290,144,921",2026.01.01 ~ 2026.03.31,제 30 기1분기
ncsoft,NC,00261443,036570,Q1_2026,2026,11013,First-quarter report,20260515002636,CFS,연결재무제표,IS,손익계산서,당기순이익(손실),,,,2026,KRW,"37,506,771,591","37,506,771,591",2025.01.01 ~ 2025.03.31,제 29 기1분기,29,11013,fnlttSinglAcnt,"152,428,278,053","152,428,278,053",2026.01.01 ~ 2026.03.31,제 30 기1분기
ncsoft,NC,00261443,036570,Q1_2026,2026,11013,First-quarter report,20260515002636,CFS,연결재무제표,IS,손익계산서,당기순이익(손실),,,,2026,KRW,"37,506,771,591","37,506,771,591",2025.01.01 ~ 2025.03.31,제 29 기1분기,61,11013,fnlttSinglAcnt,"152,428,278,053","152,428,278,053",2026.01.01 ~ 2026.03.31,제 30 기1분기
ncsoft,NC,00261443,036570,Q1_2026,2026,11013,First-quarter report,20260515002636,CFS,연결재무제표,IS,손익계산서,총포괄손익,,,,2026,KRW,"-15,224,041,171","-15,224,041,171",2025.01.01 ~ 2025.03.31,제 29 기1분기,63,11013,fnlttSinglAcnt,"169,085,637,892","169,085,637,892",2026.01.01 ~ 2026.03.31,제 30 기1분기
ncsoft,NC,00261443,036570,Q1_2026,2026,11013,First-quarter report,20260515002636,CFS,연결재무제표,IS,손익계산서,영업비용,,,,2026,KRW,"355,057,619,276","355,057,619,276",2025.01.01 ~ 2025.03.31,제 29 기1분기,65,11013,fnlttSinglAcnt,"444,106,597,747","444,106,597,747",2026.01.01 ~ 2026.03.31,제 30 기1분기
netmarble,Netmarble,00904672,251270,FY2025,2025,11011,Annual report,20260318001170,CFS,연결재무제표,BS,재무상태표,유동자산,"905,788,023,108",2023.12.31 현재,제 13 기,2025,KRW,,"1,114,816,595,237",2024.12.31 현재,제 14 기,1,11011,fnlttSinglAcnt,,"1,256,530,943,428",2025.12.31 현재,제 15 기
netmarble,Netmarble,00904672,251270,FY2025,2025,11011,Annual report,20260318001170,CFS,연결재무제표,BS,재무상태표,비유동자산,"7,010,077,366,186",2023.12.31 현재,제 13 기,2025,KRW,,"7,062,249,658,259",2024.12.31 현재,제 14 기,3,11011,fnlttSinglAcnt,,"6,837,121,186,751",2025.12.31 현재,제 15 기
netmarble,Netmarble,00904672,251270,FY2025,2025,11011,Annual report,20260318001170,CFS,연결재무제표,BS,재무상태표,자산총계,"7,915,865,389,294",2023.12.31 현재,제 13 기,2025,KRW,,"8,177,066,253,496",2024.12.31 현재,제 14 기,5,11011,fnlttSinglAcnt,,"8,093,652,130,179",2025.12.31 현재,제 15 기
netmarble,Netmarble,00904672,251270,FY2025,2025,11011,Annual report,20260318001170,CFS,연결재무제표,BS,재무상태표,유동부채,"1,939,774,274,187",2023.12.31 현재,제 13 기,2025,KRW,,"1,348,239,156,045",2024.12.31 현재,제 14 기,7,11011,fnlttSinglAcnt,,"1,900,644,823,693",2025.12.31 현재,제 15 기
netmarble,Netmarble,00904672,251270,FY2025,2025,11011,Annual report,20260318001170,CFS,연결재무제표,BS,재무상태표,비유동부채,"897,046,326,569",2023.12.31 현재,제 13 기,2025,KRW,,"1,354,966,887,656",2024.12.31 현재,제 14 기,9,11011,fnlttSinglAcnt,,"700,524,429,295",2025.12.31 현재,제 15 기
netmarble,Netmarble,00904672,251270,FY2025,2025,11011,Annual report,20260318001170,CFS,연결재무제표,BS,재무상태표,부채총계,"2,836,820,600,756",2023.12.31 현재,제 13 기,2025,KRW,,"2,703,206,043,701",2024.12.31 현재,제 14 기,11,11011,fnlttSinglAcnt,,"2,601,169,252,988",2025.12.31 현재,제 15 기
netmarble,Netmarble,00904672,251270,FY2025,2025,11011,Annual report,20260318001170,CFS,연결재무제표,BS,재무상태표,자본금,"8,595,350,200",2023.12.31 현재,제 13 기,2025,KRW,,"8,595,350,200",2024.12.31 현재,제 14 기,13,11011,fnlttSinglAcnt,,"8,595,350,200",2025.12.31 현재,제 15 기
netmarble,Netmarble,00904672,251270,FY2025,2025,11011,Annual report,20260318001170,CFS,연결재무제표,BS,재무상태표,이익잉여금,"1,128,478,828,526",2023.12.31 현재,제 13 기,2025,KRW,,"1,145,496,880,623",2024.12.31 현재,제 14 기,17,11011,fnlttSinglAcnt,,"1,337,593,297,021",2025.12.31 현재,제 15 기
netmarble,Netmarble,00904672,251270,FY2025,2025,11011,Annual report,20260318001170,CFS,연결재무제표,BS,재무상태표,자본총계,"5,079,044,788,538",2023.12.31 현재,제 13 기,2025,KRW,,"5,473,860,209,795",2024.12.31 현재,제 14 기,21,11011,fnlttSinglAcnt,,"5,492,482,877,191",2025.12.31 현재,제 15 기
netmarble,Netmarble,00904672,251270,FY2025,2025,11011,Annual report,20260318001170,CFS,연결재무제표,IS,손익계산서,매출액,"2,502,055,599,771",2023.01.01 ~ 2023.12.31,제 13 기,2025,KRW,,"2,663,783,169,910",2024.01.01 ~ 2024.12.31,제 14 기,23,11011,fnlttSinglAcnt,,"2,835,074,411,896",2025.01.01 ~ 2025.12.31,제 15 기
netmarble,Netmarble,00904672,251270,FY2025,2025,11011,Annual report,20260318001170,CFS,연결재무제표,IS,손익계산서,영업이익,"-68,468,184,309",2023.01.01 ~ 2023.12.31,제 13 기,2025,KRW,,"215,627,215,188",2024.01.01 ~ 2024.12.31,제 14 기,25,11011,fnlttSinglAcnt,,"352,478,352,483",2025.01.01 ~ 2025.12.31,제 15 기
netmarble,Netmarble,00904672,251270,FY2025,2025,11011,Annual report,20260318001170,CFS,연결재무제표,IS,손익계산서,법인세차감전 순이익,"-158,603,695,548",2023.01.01 ~ 2023.12.31,제 13 기,2025,KRW,,"76,295,352,048",2024.01.01 ~ 2024.12.31,제 14 기,27,11011,fnlttSinglAcnt,,"346,174,949,096",2025.01.01 ~ 2025.12.31,제 15 기
netmarble,Netmarble,00904672,251270,FY2025,2025,11011,Annual report,20260318001170,CFS,연결재무제표,IS,손익계산서,당기순이익(손실),"-303,885,236,393",2023.01.01 ~ 2023.12.31,제 13 기,2025,KRW,,"3,216,188,118",2024.01.01 ~ 2024.12.31,제 14 기,29,11011,fnlttSinglAcnt,,"230,818,642,770",2025.01.01 ~ 2025.12.31,제 15 기
netmarble,Netmarble,00904672,251270,FY2025,2025,11011,Annual report,20260318001170,CFS,연결재무제표,IS,손익계산서,당기순이익(손실),"-303,885,236,393",2023.01.01 ~ 2023.12.31,제 13 기,2025,KRW,,"3,216,188,118",2024.01.01 ~ 2024.12.31,제 14 기,61,11011,fnlttSinglAcnt,,"230,818,642,770",2025.01.01 ~ 2025.12.31,제 15 기
netmarble,Netmarble,00904672,251270,FY2025,2025,11011,Annual report,20260318001170,CFS,연결재무제표,IS,손익계산서,총포괄손익,"-589,913,334,445",2023.01.01 ~ 2023.12.31,제 13 기,2025,KRW,,"351,848,075,315",2024.01.01 ~ 2024.12.31,제 14 기,63,11011,fnlttSinglAcnt,,"221,390,200,554",2025.01.01 ~ 2025.12.31,제 15 기
netmarble,Netmarble,00904672,251270,FY2025,2025,11011,Annual report,20260318001170,CFS,연결재무제표,IS,손익계산서,영업비용,"2,570,523,784,080",2023.01.01 ~ 2023.12.31,제 13 기,2025,KRW,,"2,448,155,954,722",2024.01.01 ~ 2024.12.31,제 14 기,65,11011,fnlttSinglAcnt,,"2,482,596,059,413",2025.01.01 ~ 2025.12.31,제 15 기
netmarble,Netmarble,00904672,251270,Q1_2026,2026,11013,First-quarter report,20260514000897,CFS,연결재무제표,BS,재무상태표,유동자산,,,,2026,KRW,,"1,256,530,943,428",2025.12.31 현재,제 15 기말,1,11013,fnlttSinglAcnt,,"1,341,848,430,769",2026.03.31 현재,제 16 기1분기말
netmarble,Netmarble,00904672,251270,Q1_2026,2026,11013,First-quarter report,20260514000897,CFS,연결재무제표,BS,재무상태표,비유동자산,,,,2026,KRW,,"6,837,121,186,751",2025.12.31 현재,제 15 기말,3,11013,fnlttSinglAcnt,,"6,979,798,386,309",2026.03.31 현재,제 16 기1분기말
netmarble,Netmarble,00904672,251270,Q1_2026,2026,11013,First-quarter report,20260514000897,CFS,연결재무제표,BS,재무상태표,자산총계,,,,2026,KRW,,"8,093,652,130,179",2025.12.31 현재,제 15 기말,5,11013,fnlttSinglAcnt,,"8,321,646,817,078",2026.03.31 현재,제 16 기1분기말
netmarble,Netmarble,00904672,251270,Q1_2026,2026,11013,First-quarter report,20260514000897,CFS,연결재무제표,BS,재무상태표,유동부채,,,,2026,KRW,,"1,900,644,823,693",2025.12.31 현재,제 15 기말,7,11013,fnlttSinglAcnt,,"1,955,186,131,494",2026.03.31 현재,제 16 기1분기말
netmarble,Netmarble,00904672,251270,Q1_2026,2026,11013,First-quarter report,20260514000897,CFS,연결재무제표,BS,재무상태표,비유동부채,,,,2026,KRW,,"700,524,429,295",2025.12.31 현재,제 15 기말,9,11013,fnlttSinglAcnt,,"554,744,355,303",2026.03.31 현재,제 16 기1분기말
netmarble,Netmarble,00904672,251270,Q1_2026,2026,11013,First-quarter report,20260514000897,CFS,연결재무제표,BS,재무상태표,부채총계,,,,2026,KRW,,"2,601,169,252,988",2025.12.31 현재,제 15 기말,11,11013,fnlttSinglAcnt,,"2,509,930,486,797",2026.03.31 현재,제 16 기1분기말
netmarble,Netmarble,00904672,251270,Q1_2026,2026,11013,First-quarter report,20260514000897,CFS,연결재무제표,BS,재무상태표,자본금,,,,2026,KRW,,"8,595,350,200",2025.12.31 현재,제 15 기말,13,11013,fnlttSinglAcnt,,"8,595,350,200",2026.03.31 현재,제 16 기1분기말
netmarble,Netmarble,00904672,251270,Q1_2026,2026,11013,First-quarter report,20260514000897,CFS,연결재무제표,BS,재무상태표,이익잉여금,,,,2026,KRW,,"1,337,593,297,021",2025.12.31 현재,제 15 기말,17,11013,fnlttSinglAcnt,,"1,070,665,962,426",2026.03.31 현재,제 16 기1분기말
netmarble,Netmarble,00904672,251270,Q1_2026,2026,11013,First-quarter report,20260514000897,CFS,연결재무제표,BS,재무상태표,자본총계,,,,2026,KRW,,"5,492,482,877,191",2025.12.31 현재,제 15 기말,21,11013,fnlttSinglAcnt,,"5,811,716,330,281",2026.03.31 현재,제 16 기1분기말
netmarble,Netmarble,00904672,251270,Q1_2026,2026,11013,First-quarter report,20260514000897,CFS,연결재무제표,IS,손익계산서,매출액,,,,2026,KRW,"623,876,973,162","623,876,973,162",2025.01.01 ~ 2025.03.31,제 15 기1분기,23,11013,fnlttSinglAcnt,"651,726,759,308","651,726,759,308",2026.01.01 ~ 2026.03.31,제 16 기1분기
netmarble,Netmarble,00904672,251270,Q1_2026,2026,11013,First-quarter report,20260514000897,CFS,연결재무제표,IS,손익계산서,영업이익,,,,2026,KRW,"49,710,408,219","49,710,408,219",2025.01.01 ~ 2025.03.31,제 15 기1분기,25,11013,fnlttSinglAcnt,"53,053,513,568","53,053,513,568",2026.01.01 ~ 2026.03.31,제 16 기1분기
netmarble,Netmarble,00904672,251270,Q1_2026,2026,11013,First-quarter report,20260514000897,CFS,연결재무제표,IS,손익계산서,법인세차감전 순이익,,,,2026,KRW,"97,556,008,689","97,556,008,689",2025.01.01 ~ 2025.03.31,제 15 기1분기,27,11013,fnlttSinglAcnt,"277,162,473,318","277,162,473,318",2026.01.01 ~ 2026.03.31,제 16 기1분기
netmarble,Netmarble,00904672,251270,Q1_2026,2026,11013,First-quarter report,20260514000897,CFS,연결재무제표,IS,손익계산서,당기순이익(손실),,,,2026,KRW,"80,248,406,228","80,248,406,228",2025.01.01 ~ 2025.03.31,제 15 기1분기,29,11013,fnlttSinglAcnt,"210,937,629,764","210,937,629,764",2026.01.01 ~ 2026.03.31,제 16 기1분기
netmarble,Netmarble,00904672,251270,Q1_2026,2026,11013,First-quarter report,20260514000897,CFS,연결재무제표,IS,손익계산서,당기순이익(손실),,,,2026,KRW,"80,248,406,228","80,248,406,228",2025.01.01 ~ 2025.03.31,제 15 기1분기,61,11013,fnlttSinglAcnt,"210,937,629,764","210,937,629,764",2026.01.01 ~ 2026.03.31,제 16 기1분기
netmarble,Netmarble,00904672,251270,Q1_2026,2026,11013,First-quarter report,20260514000897,CFS,연결재무제표,IS,손익계산서,총포괄손익,,,,2026,KRW,"27,888,388,116","27,888,388,116",2025.01.01 ~ 2025.03.31,제 15 기1분기,63,11013,fnlttSinglAcnt,"403,747,560,576","403,747,560,576",2026.01.01 ~ 2026.03.31,제 16 기1분기
netmarble,Netmarble,00904672,251270,Q1_2026,2026,11013,First-quarter report,20260514000897,CFS,연결재무제표,IS,손익계산서,영업비용,,,,2026,KRW,"574,166,564,943","574,166,564,943",2025.01.01 ~ 2025.03.31,제 15 기1분기,65,11013,fnlttSinglAcnt,"598,673,245,740","598,673,245,740",2026.01.01 ~ 2026.03.31,제 16 기1분기
krafton,KRAFTON,00760971,259960,FY2025,2025,11011,Annual report,20260515002689,CFS,연결재무제표,BS,재무상태표,유동자산,"3,964,417,087,694",2023.12.31 현재,제 17 기,2025,KRW,,"5,004,427,032,417",2024.12.31 현재,제 18 기,1,11011,fnlttSinglAcnt,,"4,866,326,456,279",2025.12.31 현재,제 19 기
krafton,KRAFTON,00760971,259960,FY2025,2025,11011,Annual report,20260515002689,CFS,연결재무제표,BS,재무상태표,비유동자산,"2,476,039,531,904",2023.12.31 현재,제 17 기,2025,KRW,,"2,915,036,535,598",2024.12.31 현재,제 18 기,3,11011,fnlttSinglAcnt,,"4,567,321,586,203",2025.12.31 현재,제 19 기
krafton,KRAFTON,00760971,259960,FY2025,2025,11011,Annual report,20260515002689,CFS,연결재무제표,BS,재무상태표,자산총계,"6,440,456,619,598",2023.12.31 현재,제 17 기,2025,KRW,,"7,919,463,568,015",2024.12.31 현재,제 18 기,5,11011,fnlttSinglAcnt,,"9,433,648,042,482",2025.12.31 현재,제 19 기
krafton,KRAFTON,00760971,259960,FY2025,2025,11011,Annual report,20260515002689,CFS,연결재무제표,BS,재무상태표,유동부채,"520,690,696,023",2023.12.31 현재,제 17 기,2025,KRW,,"784,829,947,760",2024.12.31 현재,제 18 기,7,11011,fnlttSinglAcnt,,"1,583,266,779,747",2025.12.31 현재,제 19 기
krafton,KRAFTON,00760971,259960,FY2025,2025,11011,Annual report,20260515002689,CFS,연결재무제표,BS,재무상태표,비유동부채,"360,945,662,544",2023.12.31 현재,제 17 기,2025,KRW,,"305,502,018,028",2024.12.31 현재,제 18 기,9,11011,fnlttSinglAcnt,,"666,237,056,506",2025.12.31 현재,제 19 기
krafton,KRAFTON,00760971,259960,FY2025,2025,11011,Annual report,20260515002689,CFS,연결재무제표,BS,재무상태표,부채총계,"881,636,358,567",2023.12.31 현재,제 17 기,2025,KRW,,"1,090,331,965,788",2024.12.31 현재,제 18 기,11,11011,fnlttSinglAcnt,,"2,249,503,836,253",2025.12.31 현재,제 19 기
krafton,KRAFTON,00760971,259960,FY2025,2025,11011,Annual report,20260515002689,CFS,연결재무제표,BS,재무상태표,자본금,"4,923,729,000",2023.12.31 현재,제 17 기,2025,KRW,,"4,925,891,100",2024.12.31 현재,제 18 기,13,11011,fnlttSinglAcnt,,"4,928,679,100",2025.12.31 현재,제 19 기
krafton,KRAFTON,00760971,259960,FY2025,2025,11011,Annual report,20260515002689,CFS,연결재무제표,BS,재무상태표,이익잉여금,"3,894,954,771,671",2023.12.31 현재,제 17 기,2025,KRW,,"5,081,464,676,060",2024.12.31 현재,제 18 기,17,11011,fnlttSinglAcnt,,"5,637,474,831,053",2025.12.31 현재,제 19 기
krafton,KRAFTON,00760971,259960,FY2025,2025,11011,Annual report,20260515002689,CFS,연결재무제표,BS,재무상태표,자본총계,"5,558,820,261,031",2023.12.31 현재,제 17 기,2025,KRW,,"6,829,131,602,227",2024.12.31 현재,제 18 기,21,11011,fnlttSinglAcnt,,"7,184,144,206,229",2025.12.31 현재,제 19 기
krafton,KRAFTON,00760971,259960,FY2025,2025,11011,Annual report,20260515002689,CFS,연결재무제표,IS,손익계산서,매출액,"1,910,576,180,288",2023.01.01 ~ 2023.12.31,제 17 기,2025,KRW,,"2,709,774,106,588",2024.01.01 ~ 2024.12.31,제 18 기,23,11011,fnlttSinglAcnt,,"3,326,553,694,966",2025.01.01 ~ 2025.12.31,제 19 기
krafton,KRAFTON,00760971,259960,FY2025,2025,11011,Annual report,20260515002689,CFS,연결재무제표,IS,손익계산서,영업이익,"768,045,608,970",2023.01.01 ~ 2023.12.31,제 17 기,2025,KRW,,"1,182,487,684,188",2024.01.01 ~ 2024.12.31,제 18 기,25,11011,fnlttSinglAcnt,,"1,054,380,980,188",2025.01.01 ~ 2025.12.31,제 19 기
krafton,KRAFTON,00760971,259960,FY2025,2025,11011,Annual report,20260515002689,CFS,연결재무제표,IS,손익계산서,법인세차감전 순이익,"828,615,335,546",2023.01.01 ~ 2023.12.31,제 17 기,2025,KRW,,"1,722,678,390,718",2024.01.01 ~ 2024.12.31,제 18 기,27,11011,fnlttSinglAcnt,,"958,980,995,193",2025.01.01 ~ 2025.12.31,제 19 기
krafton,KRAFTON,00760971,259960,FY2025,2025,11011,Annual report,20260515002689,CFS,연결재무제표,IS,손익계산서,당기순이익(손실),"594,060,314,352",2023.01.01 ~ 2023.12.31,제 17 기,2025,KRW,,"1,302,592,653,712",2024.01.01 ~ 2024.12.31,제 18 기,29,11011,fnlttSinglAcnt,,"733,703,643,561",2025.01.01 ~ 2025.12.31,제 19 기
krafton,KRAFTON,00760971,259960,FY2025,2025,11011,Annual report,20260515002689,CFS,연결재무제표,IS,손익계산서,당기순이익(손실),"594,060,314,352",2023.01.01 ~ 2023.12.31,제 17 기,2025,KRW,,"1,302,592,653,712",2024.01.01 ~ 2024.12.31,제 18 기,61,11011,fnlttSinglAcnt,,"733,703,643,561",2025.01.01 ~ 2025.12.31,제 19 기
krafton,KRAFTON,00760971,259960,FY2025,2025,11011,Annual report,20260515002689,CFS,연결재무제표,IS,손익계산서,총포괄손익,"592,943,636,456",2023.01.01 ~ 2023.12.31,제 17 기,2025,KRW,,"1,376,065,608,389",2024.01.01 ~ 2024.12.31,제 18 기,63,11011,fnlttSinglAcnt,,"688,080,110,254",2025.01.01 ~ 2025.12.31,제 19 기
krafton,KRAFTON,00760971,259960,FY2025,2025,11011,Annual report,20260515002689,CFS,연결재무제표,IS,손익계산서,영업비용,"1,142,530,571,318",2023.01.01 ~ 2023.12.31,제 17 기,2025,KRW,,"1,527,286,422,400",2024.01.01 ~ 2024.12.31,제 18 기,65,11011,fnlttSinglAcnt,,"2,272,172,714,778",2025.01.01 ~ 2025.12.31,제 19 기
krafton,KRAFTON,00760971,259960,Q1_2026,2026,11013,First-quarter report,20260515002756,CFS,연결재무제표,BS,재무상태표,유동자산,,,,2026,KRW,,"4,866,326,456,279",2025.12.31 현재,제 19 기말,1,11013,fnlttSinglAcnt,,"5,167,720,700,877",2026.03.31 현재,제 20 기1분기말
krafton,KRAFTON,00760971,259960,Q1_2026,2026,11013,First-quarter report,20260515002756,CFS,연결재무제표,BS,재무상태표,비유동자산,,,,2026,KRW,,"4,567,321,586,203",2025.12.31 현재,제 19 기말,3,11013,fnlttSinglAcnt,,"4,663,603,430,414",2026.03.31 현재,제 20 기1분기말
krafton,KRAFTON,00760971,259960,Q1_2026,2026,11013,First-quarter report,20260515002756,CFS,연결재무제표,BS,재무상태표,자산총계,,,,2026,KRW,,"9,433,648,042,482",2025.12.31 현재,제 19 기말,5,11013,fnlttSinglAcnt,,"9,831,324,131,291",2026.03.31 현재,제 20 기1분기말
krafton,KRAFTON,00760971,259960,Q1_2026,2026,11013,First-quarter report,20260515002756,CFS,연결재무제표,BS,재무상태표,유동부채,,,,2026,KRW,,"1,583,266,779,747",2025.12.31 현재,제 19 기말,7,11013,fnlttSinglAcnt,,"1,705,260,700,810",2026.03.31 현재,제 20 기1분기말
krafton,KRAFTON,00760971,259960,Q1_2026,2026,11013,First-quarter report,20260515002756,CFS,연결재무제표,BS,재무상태표,비유동부채,,,,2026,KRW,,"666,237,056,506",2025.12.31 현재,제 19 기말,9,11013,fnlttSinglAcnt,,"666,614,844,312",2026.03.31 현재,제 20 기1분기말
krafton,KRAFTON,00760971,259960,Q1_2026,2026,11013,First-quarter report,20260515002756,CFS,연결재무제표,BS,재무상태표,부채총계,,,,2026,KRW,,"2,249,503,836,253",2025.12.31 현재,제 19 기말,11,11013,fnlttSinglAcnt,,"2,371,875,545,122",2026.03.31 현재,제 20 기1분기말
krafton,KRAFTON,00760971,259960,Q1_2026,2026,11013,First-quarter report,20260515002756,CFS,연결재무제표,BS,재무상태표,자본금,,,,2026,KRW,,"4,928,679,100",2025.12.31 현재,제 19 기말,13,11013,fnlttSinglAcnt,,"4,928,905,100",2026.03.31 현재,제 20 기1분기말
krafton,KRAFTON,00760971,259960,Q1_2026,2026,11013,First-quarter report,20260515002756,CFS,연결재무제표,BS,재무상태표,이익잉여금,,,,2026,KRW,,"5,637,474,831,053",2025.12.31 현재,제 19 기말,17,11013,fnlttSinglAcnt,,"6,053,399,667,529",2026.03.31 현재,제 20 기1분기말
krafton,KRAFTON,00760971,259960,Q1_2026,2026,11013,First-quarter report,20260515002756,CFS,연결재무제표,BS,재무상태표,자본총계,,,,2026,KRW,,"7,184,144,206,229",2025.12.31 현재,제 19 기말,21,11013,fnlttSinglAcnt,,"7,459,448,586,169",2026.03.31 현재,제 20 기1분기말
krafton,KRAFTON,00760971,259960,Q1_2026,2026,11013,First-quarter report,20260515002756,CFS,연결재무제표,IS,손익계산서,매출액,,,,2026,KRW,"874,184,373,846","874,184,373,846",2025.01.01 ~ 2025.03.31,제 19 기1분기,23,11013,fnlttSinglAcnt,"1,371,415,007,891","1,371,415,007,891",2026.01.01 ~ 2026.03.31,제 20 기1분기
krafton,KRAFTON,00760971,259960,Q1_2026,2026,11013,First-quarter report,20260515002756,CFS,연결재무제표,IS,손익계산서,영업이익,,,,2026,KRW,"457,276,029,726","457,276,029,726",2025.01.01 ~ 2025.03.31,제 19 기1분기,25,11013,fnlttSinglAcnt,"561,563,204,569","561,563,204,569",2026.01.01 ~ 2026.03.31,제 20 기1분기
krafton,KRAFTON,00760971,259960,Q1_2026,2026,11013,First-quarter report,20260515002756,CFS,연결재무제표,IS,손익계산서,법인세차감전 순이익,,,,2026,KRW,"498,878,039,229","498,878,039,229",2025.01.01 ~ 2025.03.31,제 19 기1분기,27,11013,fnlttSinglAcnt,"719,105,203,075","719,105,203,075",2026.01.01 ~ 2026.03.31,제 20 기1분기
krafton,KRAFTON,00760971,259960,Q1_2026,2026,11013,First-quarter report,20260515002756,CFS,연결재무제표,IS,손익계산서,당기순이익(손실),,,,2026,KRW,"371,459,825,860","371,459,825,860",2025.01.01 ~ 2025.03.31,제 19 기1분기,29,11013,fnlttSinglAcnt,"514,095,420,909","514,095,420,909",2026.01.01 ~ 2026.03.31,제 20 기1분기
krafton,KRAFTON,00760971,259960,Q1_2026,2026,11013,First-quarter report,20260515002756,CFS,연결재무제표,IS,손익계산서,당기순이익(손실),,,,2026,KRW,"371,459,825,860","371,459,825,860",2025.01.01 ~ 2025.03.31,제 19 기1분기,61,11013,fnlttSinglAcnt,"514,095,420,909","514,095,420,909",2026.01.01 ~ 2026.03.31,제 20 기1분기
krafton,KRAFTON,00760971,259960,Q1_2026,2026,11013,First-quarter report,20260515002756,CFS,연결재무제표,IS,손익계산서,총포괄손익,,,,2026,KRW,"378,841,040,705","378,841,040,705",2025.01.01 ~ 2025.03.31,제 19 기1분기,63,11013,fnlttSinglAcnt,"568,629,065,606","568,629,065,606",2026.01.01 ~ 2026.03.31,제 20 기1분기
krafton,KRAFTON,00760971,259960,Q1_2026,2026,11013,First-quarter report,20260515002756,CFS,연결재무제표,IS,손익계산서,영업비용,,,,2026,KRW,"416,908,344,120","416,908,344,120",2025.01.01 ~ 2025.03.31,제 19 기1분기,65,11013,fnlttSinglAcnt,"809,851,803,322","809,851,803,322",2026.01.01 ~ 2026.03.31,제 20 기1분기
kakao_games,Kakao Games,01137383,293490,FY2025,2025,11011,Annual report,20260318001659,CFS,연결재무제표,BS,재무상태표,유동자산,"1,020,759,793,411",2023.12.31 현재,제 11 기,2025,KRW,,"1,069,083,664,606",2024.12.31 현재,제 12 기,1,11011,fnlttSinglAcnt,,"941,159,141,285",2025.12.31 현재,제 13 기
kakao_games,Kakao Games,01137383,293490,FY2025,2025,11011,Annual report,20260318001659,CFS,연결재무제표,BS,재무상태표,비유동자산,"2,450,256,692,471",2023.12.31 현재,제 11 기,2025,KRW,,"2,104,155,392,745",2024.12.31 현재,제 12 기,3,11011,fnlttSinglAcnt,,"1,735,615,302,818",2025.12.31 현재,제 13 기
kakao_games,Kakao Games,01137383,293490,FY2025,2025,11011,Annual report,20260318001659,CFS,연결재무제표,BS,재무상태표,자산총계,"3,471,016,485,882",2023.12.31 현재,제 11 기,2025,KRW,,"3,173,239,057,351",2024.12.31 현재,제 12 기,5,11011,fnlttSinglAcnt,,"2,676,774,444,103",2025.12.31 현재,제 13 기
kakao_games,Kakao Games,01137383,293490,FY2025,2025,11011,Annual report,20260318001659,CFS,연결재무제표,BS,재무상태표,유동부채,"710,111,348,746",2023.12.31 현재,제 11 기,2025,KRW,,"1,199,409,097,707",2024.12.31 현재,제 12 기,7,11011,fnlttSinglAcnt,,"514,237,530,641",2025.12.31 현재,제 13 기
kakao_games,Kakao Games,01137383,293490,FY2025,2025,11011,Annual report,20260318001659,CFS,연결재무제표,BS,재무상태표,비유동부채,"1,135,377,343,632",2023.12.31 현재,제 11 기,2025,KRW,,"495,472,689,927",2024.12.31 현재,제 12 기,9,11011,fnlttSinglAcnt,,"964,562,545,220",2025.12.31 현재,제 13 기
kakao_games,Kakao Games,01137383,293490,FY2025,2025,11011,Annual report,20260318001659,CFS,연결재무제표,BS,재무상태표,부채총계,"1,845,488,692,378",2023.12.31 현재,제 11 기,2025,KRW,,"1,694,881,787,634",2024.12.31 현재,제 12 기,11,11011,fnlttSinglAcnt,,"1,478,800,075,861",2025.12.31 현재,제 13 기
kakao_games,Kakao Games,01137383,293490,FY2025,2025,11011,Annual report,20260318001659,CFS,연결재무제표,BS,재무상태표,자본금,"8,251,964,400",2023.12.31 현재,제 11 기,2025,KRW,,"8,286,643,700",2024.12.31 현재,제 12 기,13,11011,fnlttSinglAcnt,,"8,978,691,100",2025.12.31 현재,제 13 기
kakao_games,Kakao Games,01137383,293490,FY2025,2025,11011,Annual report,20260318001659,CFS,연결재무제표,BS,재무상태표,이익잉여금,"277,393,323,535",2023.12.31 현재,제 11 기,2025,KRW,,"188,098,036,230",2024.12.31 현재,제 12 기,17,11011,fnlttSinglAcnt,,"137,234,770,119",2025.12.31 현재,제 13 기
kakao_games,Kakao Games,01137383,293490,FY2025,2025,11011,Annual report,20260318001659,CFS,연결재무제표,BS,재무상태표,자본총계,"1,625,527,793,504",2023.12.31 현재,제 11 기,2025,KRW,,"1,478,357,269,717",2024.12.31 현재,제 12 기,21,11011,fnlttSinglAcnt,,"1,197,974,368,242",2025.12.31 현재,제 13 기
kakao_games,Kakao Games,01137383,293490,FY2025,2025,11011,Annual report,20260318001659,CFS,연결재무제표,IS,손익계산서,매출액,"725,820,692,646",2023.01.01 ~ 2023.12.31,제 11 기,2025,KRW,,"627,227,484,059",2024.01.01 ~ 2024.12.31,제 12 기,23,11011,fnlttSinglAcnt,,"465,018,566,528",2025.01.01 ~ 2025.12.31,제 13 기
kakao_games,Kakao Games,01137383,293490,FY2025,2025,11011,Annual report,20260318001659,CFS,연결재무제표,IS,손익계산서,영업이익,"75,389,475,013",2023.01.01 ~ 2023.12.31,제 11 기,2025,KRW,,"19,148,863,191",2024.01.01 ~ 2024.12.31,제 12 기,25,11011,fnlttSinglAcnt,,"-39,590,701,112",2025.01.01 ~ 2025.12.31,제 13 기
kakao_games,Kakao Games,01137383,293490,FY2025,2025,11011,Annual report,20260318001659,CFS,연결재무제표,IS,손익계산서,법인세차감전 순이익,"-357,216,706,816",2023.01.01 ~ 2023.12.31,제 11 기,2025,KRW,,"-107,668,310,420",2024.01.01 ~ 2024.12.31,제 12 기,27,11011,fnlttSinglAcnt,,"-183,839,901,665",2025.01.01 ~ 2025.12.31,제 13 기
kakao_games,Kakao Games,01137383,293490,FY2025,2025,11011,Annual report,20260318001659,CFS,연결재무제표,IS,손익계산서,당기순이익(손실),"-322,405,861,214",2023.01.01 ~ 2023.12.31,제 11 기,2025,KRW,,"-128,088,854,882",2024.01.01 ~ 2024.12.31,제 12 기,29,11011,fnlttSinglAcnt,,"-143,084,637,075",2025.01.01 ~ 2025.12.31,제 13 기
kakao_games,Kakao Games,01137383,293490,FY2025,2025,11011,Annual report,20260318001659,CFS,연결재무제표,IS,손익계산서,당기순이익(손실),"-322,405,861,214",2023.01.01 ~ 2023.12.31,제 11 기,2025,KRW,,"-128,088,854,882",2024.01.01 ~ 2024.12.31,제 12 기,61,11011,fnlttSinglAcnt,,"-143,084,637,075",2025.01.01 ~ 2025.12.31,제 13 기
kakao_games,Kakao Games,01137383,293490,FY2025,2025,11011,Annual report,20260318001659,CFS,연결재무제표,IS,손익계산서,총포괄손익,"-343,889,054,150",2023.01.01 ~ 2023.12.31,제 11 기,2025,KRW,,"-79,972,866,221",2024.01.01 ~ 2024.12.31,제 12 기,63,11011,fnlttSinglAcnt,,"-211,532,603,323",2025.01.01 ~ 2025.12.31,제 13 기
kakao_games,Kakao Games,01137383,293490,FY2025,2025,11011,Annual report,20260318001659,CFS,연결재무제표,IS,손익계산서,영업비용,"650,431,217,633",2023.01.01 ~ 2023.12.31,제 11 기,2025,KRW,,"608,078,620,868",2024.01.01 ~ 2024.12.31,제 12 기,65,11011,fnlttSinglAcnt,,"504,609,267,640",2025.01.01 ~ 2025.12.31,제 13 기
kakao_games,Kakao Games,01137383,293490,Q1_2026,2026,11013,First-quarter report,20260515002470,CFS,연결재무제표,BS,재무상태표,유동자산,,,,2026,KRW,,"941,159,141,285",2025.12.31 현재,제 13 기말,1,11013,fnlttSinglAcnt,,"865,507,369,675",2026.03.31 현재,제 14 기1분기말
kakao_games,Kakao Games,01137383,293490,Q1_2026,2026,11013,First-quarter report,20260515002470,CFS,연결재무제표,BS,재무상태표,비유동자산,,,,2026,KRW,,"1,735,615,302,818",2025.12.31 현재,제 13 기말,3,11013,fnlttSinglAcnt,,"1,712,582,079,297",2026.03.31 현재,제 14 기1분기말
kakao_games,Kakao Games,01137383,293490,Q1_2026,2026,11013,First-quarter report,20260515002470,CFS,연결재무제표,BS,재무상태표,자산총계,,,,2026,KRW,,"2,676,774,444,103",2025.12.31 현재,제 13 기말,5,11013,fnlttSinglAcnt,,"2,578,089,448,972",2026.03.31 현재,제 14 기1분기말
kakao_games,Kakao Games,01137383,293490,Q1_2026,2026,11013,First-quarter report,20260515002470,CFS,연결재무제표,BS,재무상태표,유동부채,,,,2026,KRW,,"514,237,530,641",2025.12.31 현재,제 13 기말,7,11013,fnlttSinglAcnt,,"513,887,608,973",2026.03.31 현재,제 14 기1분기말
kakao_games,Kakao Games,01137383,293490,Q1_2026,2026,11013,First-quarter report,20260515002470,CFS,연결재무제표,BS,재무상태표,비유동부채,,,,2026,KRW,,"964,562,545,220",2025.12.31 현재,제 13 기말,9,11013,fnlttSinglAcnt,,"966,962,889,420",2026.03.31 현재,제 14 기1분기말
kakao_games,Kakao Games,01137383,293490,Q1_2026,2026,11013,First-quarter report,20260515002470,CFS,연결재무제표,BS,재무상태표,부채총계,,,,2026,KRW,,"1,478,800,075,861",2025.12.31 현재,제 13 기말,11,11013,fnlttSinglAcnt,,"1,480,850,498,393",2026.03.31 현재,제 14 기1분기말
kakao_games,Kakao Games,01137383,293490,Q1_2026,2026,11013,First-quarter report,20260515002470,CFS,연결재무제표,BS,재무상태표,자본금,,,,2026,KRW,,"8,978,691,100",2025.12.31 현재,제 13 기말,13,11013,fnlttSinglAcnt,,"8,978,691,100",2026.03.31 현재,제 14 기1분기말
kakao_games,Kakao Games,01137383,293490,Q1_2026,2026,11013,First-quarter report,20260515002470,CFS,연결재무제표,BS,재무상태표,이익잉여금,,,,2026,KRW,,"137,234,770,119",2025.12.31 현재,제 13 기말,17,11013,fnlttSinglAcnt,,"107,278,283,449",2026.03.31 현재,제 14 기1분기말
kakao_games,Kakao Games,01137383,293490,Q1_2026,2026,11013,First-quarter report,20260515002470,CFS,연결재무제표,BS,재무상태표,자본총계,,,,2026,KRW,,"1,197,974,368,242",2025.12.31 현재,제 13 기말,21,11013,fnlttSinglAcnt,,"1,097,238,950,579",2026.03.31 현재,제 14 기1분기말
kakao_games,Kakao Games,01137383,293490,Q1_2026,2026,11013,First-quarter report,20260515002470,CFS,연결재무제표,IS,손익계산서,매출액,,,,2026,KRW,"122,854,093,781","122,854,093,781",2025.01.01 ~ 2025.03.31,제 13 기1분기,23,11013,fnlttSinglAcnt,"82,925,831,048","82,925,831,048",2026.01.01 ~ 2026.03.31,제 14 기1분기
kakao_games,Kakao Games,01137383,293490,Q1_2026,2026,11013,First-quarter report,20260515002470,CFS,연결재무제표,IS,손익계산서,영업이익,,,,2026,KRW,"-12,440,478,072","-12,440,478,072",2025.01.01 ~ 2025.03.31,제 13 기1분기,25,11013,fnlttSinglAcnt,"-25,459,591,902","-25,459,591,902",2026.01.01 ~ 2026.03.31,제 14 기1분기
kakao_games,Kakao Games,01137383,293490,Q1_2026,2026,11013,First-quarter report,20260515002470,CFS,연결재무제표,IS,손익계산서,법인세차감전 순이익,,,,2026,KRW,"-32,453,563,757","-32,453,563,757",2025.01.01 ~ 2025.03.31,제 13 기1분기,27,11013,fnlttSinglAcnt,"-45,847,513,778","-45,847,513,778",2026.01.01 ~ 2026.03.31,제 14 기1분기
kakao_games,Kakao Games,01137383,293490,Q1_2026,2026,11013,First-quarter report,20260515002470,CFS,연결재무제표,IS,손익계산서,당기순이익(손실),,,,2026,KRW,"-33,427,927,058","-33,427,927,058",2025.01.01 ~ 2025.03.31,제 13 기1분기,29,11013,fnlttSinglAcnt,"-39,503,648,130","-39,503,648,130",2026.01.01 ~ 2026.03.31,제 14 기1분기
kakao_games,Kakao Games,01137383,293490,Q1_2026,2026,11013,First-quarter report,20260515002470,CFS,연결재무제표,IS,손익계산서,당기순이익(손실),,,,2026,KRW,"-33,427,927,058","-33,427,927,058",2025.01.01 ~ 2025.03.31,제 13 기1분기,61,11013,fnlttSinglAcnt,"-39,503,648,130","-39,503,648,130",2026.01.01 ~ 2026.03.31,제 14 기1분기
kakao_games,Kakao Games,01137383,293490,Q1_2026,2026,11013,First-quarter report,20260515002470,CFS,연결재무제표,IS,손익계산서,총포괄손익,,,,2026,KRW,"-32,836,271,152","-32,836,271,152",2025.01.01 ~ 2025.03.31,제 13 기1분기,63,11013,fnlttSinglAcnt,"-56,217,084,669","-56,217,084,669",2026.01.01 ~ 2026.03.31,제 14 기1분기
kakao_games,Kakao Games,01137383,293490,Q1_2026,2026,11013,First-quarter report,20260515002470,CFS,연결재무제표,IS,손익계산서,영업비용,,,,2026,KRW,"135,294,571,853","135,294,571,853",2025.01.01 ~ 2025.03.31,제 13 기1분기,65,11013,fnlttSinglAcnt,"108,385,422,950","108,385,422,950",2026.01.01 ~ 2026.03.31,제 14 기1분기
com2us,Com2uS,00476498,078340,FY2025,2025,11011,Annual report,20260320001410,CFS,연결재무제표,BS,재무상태표,유동자산,"448,621,042,469",2023.12.31 현재,제 26 기,2025,KRW,,"454,272,225,134",2024.12.31 현재,제 27 기,1,11011,fnlttSinglAcnt,,"415,884,028,383",2025.12.31 현재,제 28 기
com2us,Com2uS,00476498,078340,FY2025,2025,11011,Annual report,20260320001410,CFS,연결재무제표,BS,재무상태표,비유동자산,"1,267,391,479,313",2023.12.31 현재,제 26 기,2025,KRW,,"1,191,710,497,505",2024.12.31 현재,제 27 기,3,11011,fnlttSinglAcnt,,"1,199,740,122,033",2025.12.31 현재,제 28 기
com2us,Com2uS,00476498,078340,FY2025,2025,11011,Annual report,20260320001410,CFS,연결재무제표,BS,재무상태표,자산총계,"1,716,012,521,782",2023.12.31 현재,제 26 기,2025,KRW,,"1,645,982,722,639",2024.12.31 현재,제 27 기,5,11011,fnlttSinglAcnt,,"1,615,624,150,416",2025.12.31 현재,제 28 기
com2us,Com2uS,00476498,078340,FY2025,2025,11011,Annual report,20260320001410,CFS,연결재무제표,BS,재무상태표,유동부채,"346,002,349,909",2023.12.31 현재,제 26 기,2025,KRW,,"441,824,119,594",2024.12.31 현재,제 27 기,7,11011,fnlttSinglAcnt,,"491,407,810,641",2025.12.31 현재,제 28 기
com2us,Com2uS,00476498,078340,FY2025,2025,11011,Annual report,20260320001410,CFS,연결재무제표,BS,재무상태표,비유동부채,"133,244,087,785",2023.12.31 현재,제 26 기,2025,KRW,,"154,284,873,692",2024.12.31 현재,제 27 기,9,11011,fnlttSinglAcnt,,"55,116,628,070",2025.12.31 현재,제 28 기
com2us,Com2uS,00476498,078340,FY2025,2025,11011,Annual report,20260320001410,CFS,연결재무제표,BS,재무상태표,부채총계,"479,246,437,694",2023.12.31 현재,제 26 기,2025,KRW,,"596,108,993,286",2024.12.31 현재,제 27 기,11,11011,fnlttSinglAcnt,,"546,524,438,711",2025.12.31 현재,제 28 기
com2us,Com2uS,00476498,078340,FY2025,2025,11011,Annual report,20260320001410,CFS,연결재무제표,BS,재무상태표,자본금,"6,433,210,000",2023.12.31 현재,제 26 기,2025,KRW,,"6,433,210,000",2024.12.31 현재,제 27 기,13,11011,fnlttSinglAcnt,,"6,433,210,000",2025.12.31 현재,제 28 기
com2us,Com2uS,00476498,078340,FY2025,2025,11011,Annual report,20260320001410,CFS,연결재무제표,BS,재무상태표,이익잉여금,"967,107,816,736",2023.12.31 현재,제 26 기,2025,KRW,,"848,795,532,416",2024.12.31 현재,제 27 기,17,11011,fnlttSinglAcnt,,"876,994,839,851",2025.12.31 현재,제 28 기
com2us,Com2uS,00476498,078340,FY2025,2025,11011,Annual report,20260320001410,CFS,연결재무제표,BS,재무상태표,자본총계,"1,236,766,084,088",2023.12.31 현재,제 26 기,2025,KRW,,"1,049,873,729,353",2024.12.31 현재,제 27 기,21,11011,fnlttSinglAcnt,,"1,069,099,711,705",2025.12.31 현재,제 28 기
com2us,Com2uS,00476498,078340,FY2025,2025,11011,Annual report,20260320001410,CFS,연결재무제표,IS,손익계산서,매출액,"739,638,721,494",2023.01.01 ~ 2023.12.31,제 26 기,2025,KRW,,"693,943,029,291",2024.01.01 ~ 2024.12.31,제 27 기,23,11011,fnlttSinglAcnt,,"696,423,825,349",2025.01.01 ~ 2025.12.31,제 28 기
com2us,Com2uS,00476498,078340,FY2025,2025,11011,Annual report,20260320001410,CFS,연결재무제표,IS,손익계산서,영업이익,"-33,190,425,674",2023.01.01 ~ 2023.12.31,제 26 기,2025,KRW,,"6,128,463,563",2024.01.01 ~ 2024.12.31,제 27 기,25,11011,fnlttSinglAcnt,,"2,633,918,673",2025.01.01 ~ 2025.12.31,제 28 기
com2us,Com2uS,00476498,078340,FY2025,2025,11011,Annual report,20260320001410,CFS,연결재무제표,IS,손익계산서,법인세차감전 순이익,"43,015,861,467",2023.01.01 ~ 2023.12.31,제 26 기,2025,KRW,,"-159,503,666,942",2024.01.01 ~ 2024.12.31,제 27 기,27,11011,fnlttSinglAcnt,,"37,537,890,183",2025.01.01 ~ 2025.12.31,제 28 기
com2us,Com2uS,00476498,078340,FY2025,2025,11011,Annual report,20260320001410,CFS,연결재무제표,IS,손익계산서,당기순이익(손실),"42,091,849,090",2023.01.01 ~ 2023.12.31,제 26 기,2025,KRW,,"-151,979,459,619",2024.01.01 ~ 2024.12.31,제 27 기,29,11011,fnlttSinglAcnt,,"9,363,716,654",2025.01.01 ~ 2025.12.31,제 28 기
com2us,Com2uS,00476498,078340,FY2025,2025,11011,Annual report,20260320001410,CFS,연결재무제표,IS,손익계산서,당기순이익(손실),"42,091,849,090",2023.01.01 ~ 2023.12.31,제 26 기,2025,KRW,,"-151,979,459,619",2024.01.01 ~ 2024.12.31,제 27 기,61,11011,fnlttSinglAcnt,,"9,363,716,654",2025.01.01 ~ 2025.12.31,제 28 기
com2us,Com2uS,00476498,078340,FY2025,2025,11011,Annual report,20260320001410,CFS,연결재무제표,IS,손익계산서,총포괄손익,"35,125,619,067",2023.01.01 ~ 2023.12.31,제 26 기,2025,KRW,,"-166,365,558,184",2024.01.01 ~ 2024.12.31,제 27 기,63,11011,fnlttSinglAcnt,,"19,206,147,430",2025.01.01 ~ 2025.12.31,제 28 기
com2us,Com2uS,00476498,078340,FY2025,2025,11011,Annual report,20260320001410,CFS,연결재무제표,IS,손익계산서,영업비용,"772,829,147,168",2023.01.01 ~ 2023.12.31,제 26 기,2025,KRW,,"687,814,565,728",2024.01.01 ~ 2024.12.31,제 27 기,65,11011,fnlttSinglAcnt,,"693,789,906,676",2025.01.01 ~ 2025.12.31,제 28 기
com2us,Com2uS,00476498,078340,Q1_2026,2026,11013,First-quarter report,20260515002977,CFS,연결재무제표,BS,재무상태표,유동자산,,,,2026,KRW,,"415,884,028,383",2025.12.31 현재,제 28 기말,1,11013,fnlttSinglAcnt,,"451,656,047,940",2026.03.31 현재,제 29 기1분기말
com2us,Com2uS,00476498,078340,Q1_2026,2026,11013,First-quarter report,20260515002977,CFS,연결재무제표,BS,재무상태표,비유동자산,,,,2026,KRW,,"1,199,740,122,033",2025.12.31 현재,제 28 기말,3,11013,fnlttSinglAcnt,,"1,103,895,665,721",2026.03.31 현재,제 29 기1분기말
com2us,Com2uS,00476498,078340,Q1_2026,2026,11013,First-quarter report,20260515002977,CFS,연결재무제표,BS,재무상태표,자산총계,,,,2026,KRW,,"1,615,624,150,416",2025.12.31 현재,제 28 기말,5,11013,fnlttSinglAcnt,,"1,555,551,713,661",2026.03.31 현재,제 29 기1분기말
com2us,Com2uS,00476498,078340,Q1_2026,2026,11013,First-quarter report,20260515002977,CFS,연결재무제표,BS,재무상태표,유동부채,,,,2026,KRW,,"491,407,810,641",2025.12.31 현재,제 28 기말,7,11013,fnlttSinglAcnt,,"461,330,668,885",2026.03.31 현재,제 29 기1분기말
com2us,Com2uS,00476498,078340,Q1_2026,2026,11013,First-quarter report,20260515002977,CFS,연결재무제표,BS,재무상태표,비유동부채,,,,2026,KRW,,"55,116,628,070",2025.12.31 현재,제 28 기말,9,11013,fnlttSinglAcnt,,"48,007,124,899",2026.03.31 현재,제 29 기1분기말
com2us,Com2uS,00476498,078340,Q1_2026,2026,11013,First-quarter report,20260515002977,CFS,연결재무제표,BS,재무상태표,부채총계,,,,2026,KRW,,"546,524,438,711",2025.12.31 현재,제 28 기말,11,11013,fnlttSinglAcnt,,"509,337,793,784",2026.03.31 현재,제 29 기1분기말
com2us,Com2uS,00476498,078340,Q1_2026,2026,11013,First-quarter report,20260515002977,CFS,연결재무제표,BS,재무상태표,자본금,,,,2026,KRW,,"6,433,210,000",2025.12.31 현재,제 28 기말,13,11013,fnlttSinglAcnt,,"6,433,210,000",2026.03.31 현재,제 29 기1분기말
com2us,Com2uS,00476498,078340,Q1_2026,2026,11013,First-quarter report,20260515002977,CFS,연결재무제표,BS,재무상태표,이익잉여금,,,,2026,KRW,,"876,994,839,851",2025.12.31 현재,제 28 기말,17,11013,fnlttSinglAcnt,,"793,494,363,203",2026.03.31 현재,제 29 기1분기말
com2us,Com2uS,00476498,078340,Q1_2026,2026,11013,First-quarter report,20260515002977,CFS,연결재무제표,BS,재무상태표,자본총계,,,,2026,KRW,,"1,069,099,711,705",2025.12.31 현재,제 28 기말,21,11013,fnlttSinglAcnt,,"1,046,213,919,877",2026.03.31 현재,제 29 기1분기말
com2us,Com2uS,00476498,078340,Q1_2026,2026,11013,First-quarter report,20260515002977,CFS,연결재무제표,IS,손익계산서,매출액,,,,2026,KRW,"168,004,789,392","168,004,789,392",2025.01.01 ~ 2025.03.31,제 28 기1분기,23,11013,fnlttSinglAcnt,"144,732,383,074","144,732,383,074",2026.01.01 ~ 2026.03.31,제 29 기1분기
com2us,Com2uS,00476498,078340,Q1_2026,2026,11013,First-quarter report,20260515002977,CFS,연결재무제표,IS,손익계산서,영업이익,,,,2026,KRW,"1,673,617,444","1,673,617,444",2025.01.01 ~ 2025.03.31,제 28 기1분기,25,11013,fnlttSinglAcnt,"5,136,396,025","5,136,396,025",2026.01.01 ~ 2026.03.31,제 29 기1분기
com2us,Com2uS,00476498,078340,Q1_2026,2026,11013,First-quarter report,20260515002977,CFS,연결재무제표,IS,손익계산서,법인세차감전 순이익,,,,2026,KRW,"5,752,639,403","5,752,639,403",2025.01.01 ~ 2025.03.31,제 28 기1분기,27,11013,fnlttSinglAcnt,"-8,422,830,215","-8,422,830,215",2026.01.01 ~ 2026.03.31,제 29 기1분기
com2us,Com2uS,00476498,078340,Q1_2026,2026,11013,First-quarter report,20260515002977,CFS,연결재무제표,IS,손익계산서,당기순이익(손실),,,,2026,KRW,"2,047,565,907","2,047,565,907",2025.01.01 ~ 2025.03.31,제 28 기1분기,29,11013,fnlttSinglAcnt,"-7,788,007,188","-7,788,007,188",2026.01.01 ~ 2026.03.31,제 29 기1분기
com2us,Com2uS,00476498,078340,Q1_2026,2026,11013,First-quarter report,20260515002977,CFS,연결재무제표,IS,손익계산서,당기순이익(손실),,,,2026,KRW,"2,047,565,907","2,047,565,907",2025.01.01 ~ 2025.03.31,제 28 기1분기,61,11013,fnlttSinglAcnt,"-7,788,007,188","-7,788,007,188",2026.01.01 ~ 2026.03.31,제 29 기1분기
com2us,Com2uS,00476498,078340,Q1_2026,2026,11013,First-quarter report,20260515002977,CFS,연결재무제표,IS,손익계산서,총포괄손익,,,,2026,KRW,"18,324,011,763","18,324,011,763",2025.01.01 ~ 2025.03.31,제 28 기1분기,63,11013,fnlttSinglAcnt,"-8,503,853,428","-8,503,853,428",2026.01.01 ~ 2026.03.31,제 29 기1분기
com2us,Com2uS,00476498,078340,Q1_2026,2026,11013,First-quarter report,20260515002977,CFS,연결재무제표,IS,손익계산서,영업비용,,,,2026,KRW,"166,331,171,948","166,331,171,948",2025.01.01 ~ 2025.03.31,제 28 기1분기,65,11013,fnlttSinglAcnt,"139,595,987,049","139,595,987,049",2026.01.01 ~ 2026.03.31,제 29 기1분기
pearl_abyss,Pearl Abyss,01152470,263750,FY2025,2025,11011,Annual report,20260319001336,CFS,연결재무제표,BS,재무상태표,유동자산,"582,758,554,412",2023.12.31 현재,제 15 기,2025,KRW,,"453,262,511,474",2024.12.31 현재,제 16 기,1,11011,fnlttSinglAcnt,,"444,796,131,761",2025.12.31 현재,제 17 기
pearl_abyss,Pearl Abyss,01152470,263750,FY2025,2025,11011,Annual report,20260319001336,CFS,연결재무제표,BS,재무상태표,비유동자산,"630,120,760,205",2023.12.31 현재,제 15 기,2025,KRW,,"689,558,549,982",2024.12.31 현재,제 16 기,3,11011,fnlttSinglAcnt,,"704,303,169,550",2025.12.31 현재,제 17 기
pearl_abyss,Pearl Abyss,01152470,263750,FY2025,2025,11011,Annual report,20260319001336,CFS,연결재무제표,BS,재무상태표,자산총계,"1,212,879,314,617",2023.12.31 현재,제 15 기,2025,KRW,,"1,142,821,061,456",2024.12.31 현재,제 16 기,5,11011,fnlttSinglAcnt,,"1,149,099,301,311",2025.12.31 현재,제 17 기
pearl_abyss,Pearl Abyss,01152470,263750,FY2025,2025,11011,Annual report,20260319001336,CFS,연결재무제표,BS,재무상태표,유동부채,"315,870,655,496",2023.12.31 현재,제 15 기,2025,KRW,,"133,158,155,310",2024.12.31 현재,제 16 기,7,11011,fnlttSinglAcnt,,"135,651,555,723",2025.12.31 현재,제 17 기
pearl_abyss,Pearl Abyss,01152470,263750,FY2025,2025,11011,Annual report,20260319001336,CFS,연결재무제표,BS,재무상태표,비유동부채,"172,018,209,598",2023.12.31 현재,제 15 기,2025,KRW,,"203,688,328,300",2024.12.31 현재,제 16 기,9,11011,fnlttSinglAcnt,,"214,344,931,189",2025.12.31 현재,제 17 기
pearl_abyss,Pearl Abyss,01152470,263750,FY2025,2025,11011,Annual report,20260319001336,CFS,연결재무제표,BS,재무상태표,부채총계,"487,888,865,094",2023.12.31 현재,제 15 기,2025,KRW,,"336,846,483,610",2024.12.31 현재,제 16 기,11,11011,fnlttSinglAcnt,,"349,996,486,912",2025.12.31 현재,제 17 기
pearl_abyss,Pearl Abyss,01152470,263750,FY2025,2025,11011,Annual report,20260319001336,CFS,연결재무제표,BS,재무상태표,자본금,"6,623,450,000",2023.12.31 현재,제 15 기,2025,KRW,,"6,623,450,000",2024.12.31 현재,제 16 기,13,11011,fnlttSinglAcnt,,"6,623,450,000",2025.12.31 현재,제 17 기
pearl_abyss,Pearl Abyss,01152470,263750,FY2025,2025,11011,Annual report,20260319001336,CFS,연결재무제표,BS,재무상태표,이익잉여금,"498,226,246,588",2023.12.31 현재,제 15 기,2025,KRW,,"558,569,816,555",2024.12.31 현재,제 16 기,17,11011,fnlttSinglAcnt,,"550,154,897,318",2025.12.31 현재,제 17 기
pearl_abyss,Pearl Abyss,01152470,263750,FY2025,2025,11011,Annual report,20260319001336,CFS,연결재무제표,BS,재무상태표,자본총계,"724,990,449,523",2023.12.31 현재,제 15 기,2025,KRW,,"805,974,577,846",2024.12.31 현재,제 16 기,21,11011,fnlttSinglAcnt,,"799,102,814,399",2025.12.31 현재,제 17 기
pearl_abyss,Pearl Abyss,01152470,263750,FY2025,2025,11011,Annual report,20260319001336,CFS,연결재무제표,IS,손익계산서,매출액,"333,484,523,009",2023.01.01 ~ 2023.12.31,제 15 기,2025,KRW,,"342,384,719,856",2024.01.01 ~ 2024.12.31,제 16 기,23,11011,fnlttSinglAcnt,,"365,564,943,738",2025.01.01 ~ 2025.12.31,제 17 기
pearl_abyss,Pearl Abyss,01152470,263750,FY2025,2025,11011,Annual report,20260319001336,CFS,연결재무제표,IS,손익계산서,영업이익,"-16,350,059,645",2023.01.01 ~ 2023.12.31,제 15 기,2025,KRW,,"-12,292,682,628",2024.01.01 ~ 2024.12.31,제 16 기,25,11011,fnlttSinglAcnt,,"-14,807,541,404",2025.01.01 ~ 2025.12.31,제 17 기
pearl_abyss,Pearl Abyss,01152470,263750,FY2025,2025,11011,Annual report,20260319001336,CFS,연결재무제표,IS,손익계산서,법인세차감전 순이익,"22,141,566,462",2023.01.01 ~ 2023.12.31,제 15 기,2025,KRW,,"77,655,703,638",2024.01.01 ~ 2024.12.31,제 16 기,27,11011,fnlttSinglAcnt,,"-8,988,397,008",2025.01.01 ~ 2025.12.31,제 17 기
pearl_abyss,Pearl Abyss,01152470,263750,FY2025,2025,11011,Annual report,20260319001336,CFS,연결재무제표,IS,손익계산서,당기순이익(손실),"15,206,477,531",2023.01.01 ~ 2023.12.31,제 15 기,2025,KRW,,"60,343,569,967",2024.01.01 ~ 2024.12.31,제 16 기,29,11011,fnlttSinglAcnt,,"-8,414,919,237",2025.01.01 ~ 2025.12.31,제 17 기
pearl_abyss,Pearl Abyss,01152470,263750,FY2025,2025,11011,Annual report,20260319001336,CFS,연결재무제표,IS,손익계산서,당기순이익(손실),"15,206,477,531",2023.01.01 ~ 2023.12.31,제 15 기,2025,KRW,,"60,343,569,967",2024.01.01 ~ 2024.12.31,제 16 기,61,11011,fnlttSinglAcnt,,"-8,414,919,237",2025.01.01 ~ 2025.12.31,제 17 기
pearl_abyss,Pearl Abyss,01152470,263750,FY2025,2025,11011,Annual report,20260319001336,CFS,연결재무제표,IS,손익계산서,총포괄손익,"17,759,133,139",2023.01.01 ~ 2023.12.31,제 15 기,2025,KRW,,"78,169,481,278",2024.01.01 ~ 2024.12.31,제 16 기,63,11011,fnlttSinglAcnt,,"-11,539,075,914",2025.01.01 ~ 2025.12.31,제 17 기
pearl_abyss,Pearl Abyss,01152470,263750,FY2025,2025,11011,Annual report,20260319001336,CFS,연결재무제표,IS,손익계산서,영업비용,"349,834,582,654",2023.01.01 ~ 2023.12.31,제 15 기,2025,KRW,,"354,677,402,484",2024.01.01 ~ 2024.12.31,제 16 기,65,11011,fnlttSinglAcnt,,"380,372,485,142",2025.01.01 ~ 2025.12.31,제 17 기
pearl_abyss,Pearl Abyss,01152470,263750,Q1_2026,2026,11013,First-quarter report,20260515002684,CFS,연결재무제표,BS,재무상태표,유동자산,,,,2026,KRW,,"444,796,131,761",2025.12.31 현재,제 17 기말,1,11013,fnlttSinglAcnt,,"990,820,383,703",2026.03.31 현재,제 18 기1분기말
pearl_abyss,Pearl Abyss,01152470,263750,Q1_2026,2026,11013,First-quarter report,20260515002684,CFS,연결재무제표,BS,재무상태표,비유동자산,,,,2026,KRW,,"704,303,169,550",2025.12.31 현재,제 17 기말,3,11013,fnlttSinglAcnt,,"422,977,144,838",2026.03.31 현재,제 18 기1분기말
pearl_abyss,Pearl Abyss,01152470,263750,Q1_2026,2026,11013,First-quarter report,20260515002684,CFS,연결재무제표,BS,재무상태표,자산총계,,,,2026,KRW,,"1,149,099,301,311",2025.12.31 현재,제 17 기말,5,11013,fnlttSinglAcnt,,"1,413,797,528,541",2026.03.31 현재,제 18 기1분기말
pearl_abyss,Pearl Abyss,01152470,263750,Q1_2026,2026,11013,First-quarter report,20260515002684,CFS,연결재무제표,BS,재무상태표,유동부채,,,,2026,KRW,,"135,651,555,723",2025.12.31 현재,제 17 기말,7,11013,fnlttSinglAcnt,,"357,453,118,794",2026.03.31 현재,제 18 기1분기말
pearl_abyss,Pearl Abyss,01152470,263750,Q1_2026,2026,11013,First-quarter report,20260515002684,CFS,연결재무제표,BS,재무상태표,비유동부채,,,,2026,KRW,,"214,344,931,189",2025.12.31 현재,제 17 기말,9,11013,fnlttSinglAcnt,,"94,604,558,535",2026.03.31 현재,제 18 기1분기말
pearl_abyss,Pearl Abyss,01152470,263750,Q1_2026,2026,11013,First-quarter report,20260515002684,CFS,연결재무제표,BS,재무상태표,부채총계,,,,2026,KRW,,"349,996,486,912",2025.12.31 현재,제 17 기말,11,11013,fnlttSinglAcnt,,"452,057,677,329",2026.03.31 현재,제 18 기1분기말
pearl_abyss,Pearl Abyss,01152470,263750,Q1_2026,2026,11013,First-quarter report,20260515002684,CFS,연결재무제표,BS,재무상태표,자본금,,,,2026,KRW,,"6,623,450,000",2025.12.31 현재,제 17 기말,13,11013,fnlttSinglAcnt,,"6,623,450,000",2026.03.31 현재,제 18 기1분기말
pearl_abyss,Pearl Abyss,01152470,263750,Q1_2026,2026,11013,First-quarter report,20260515002684,CFS,연결재무제표,BS,재무상태표,이익잉여금,,,,2026,KRW,,"550,154,897,318",2025.12.31 현재,제 17 기말,17,11013,fnlttSinglAcnt,,"708,123,887,132",2026.03.31 현재,제 18 기1분기말
pearl_abyss,Pearl Abyss,01152470,263750,Q1_2026,2026,11013,First-quarter report,20260515002684,CFS,연결재무제표,BS,재무상태표,자본총계,,,,2026,KRW,,"799,102,814,399",2025.12.31 현재,제 17 기말,21,11013,fnlttSinglAcnt,,"961,739,851,212",2026.03.31 현재,제 18 기1분기말
pearl_abyss,Pearl Abyss,01152470,263750,Q1_2026,2026,11013,First-quarter report,20260515002684,CFS,연결재무제표,IS,손익계산서,매출액,,,,2026,KRW,"63,225,130,890","63,225,130,890",2025.01.01 ~ 2025.03.31,제 17 기1분기,23,11013,fnlttSinglAcnt,"328,498,582,055","328,498,582,055",2026.01.01 ~ 2026.03.31,제 18 기1분기
pearl_abyss,Pearl Abyss,01152470,263750,Q1_2026,2026,11013,First-quarter report,20260515002684,CFS,연결재무제표,IS,손익계산서,영업이익,,,,2026,KRW,"7,862,878,827","7,862,878,827",2025.01.01 ~ 2025.03.31,제 17 기1분기,25,11013,fnlttSinglAcnt,"212,096,469,757","212,096,469,757",2026.01.01 ~ 2026.03.31,제 18 기1분기
pearl_abyss,Pearl Abyss,01152470,263750,Q1_2026,2026,11013,First-quarter report,20260515002684,CFS,연결재무제표,IS,손익계산서,법인세차감전 순이익,,,,2026,KRW,"8,540,234,925","8,540,234,925",2025.01.01 ~ 2025.03.31,제 17 기1분기,27,11013,fnlttSinglAcnt,"227,996,709,831","227,996,709,831",2026.01.01 ~ 2026.03.31,제 18 기1분기
pearl_abyss,Pearl Abyss,01152470,263750,Q1_2026,2026,11013,First-quarter report,20260515002684,CFS,연결재무제표,IS,손익계산서,당기순이익(손실),,,,2026,KRW,"499,252,430","499,252,430",2025.01.01 ~ 2025.03.31,제 17 기1분기,29,11013,fnlttSinglAcnt,"157,968,989,814","157,968,989,814",2026.01.01 ~ 2026.03.31,제 18 기1분기
pearl_abyss,Pearl Abyss,01152470,263750,Q1_2026,2026,11013,First-quarter report,20260515002684,CFS,연결재무제표,IS,손익계산서,당기순이익(손실),,,,2026,KRW,"499,252,430","499,252,430",2025.01.01 ~ 2025.03.31,제 17 기1분기,61,11013,fnlttSinglAcnt,"157,968,989,814","157,968,989,814",2026.01.01 ~ 2026.03.31,제 18 기1분기
pearl_abyss,Pearl Abyss,01152470,263750,Q1_2026,2026,11013,First-quarter report,20260515002684,CFS,연결재무제표,IS,손익계산서,총포괄손익,,,,2026,KRW,"999,044,875","999,044,875",2025.01.01 ~ 2025.03.31,제 17 기1분기,63,11013,fnlttSinglAcnt,"161,440,020,150","161,440,020,150",2026.01.01 ~ 2026.03.31,제 18 기1분기
pearl_abyss,Pearl Abyss,01152470,263750,Q1_2026,2026,11013,First-quarter report,20260515002684,CFS,연결재무제표,IS,손익계산서,영업비용,,,,2026,KRW,"55,362,252,063","55,362,252,063",2025.01.01 ~ 2025.03.31,제 17 기1분기,65,11013,fnlttSinglAcnt,"116,402,112,298","116,402,112,298",2026.01.01 ~ 2026.03.31,제 18 기1분기
wemade,WEMADE,00444329,112040,FY2025,2025,11011,Annual report,20260319000853,CFS,연결재무제표,BS,재무상태표,유동자산,"421,577,405,442",2023.12.31 현재,제 24 기,2025,KRW,,"550,706,768,821",2024.12.31 현재,제 25 기,1,11011,fnlttSinglAcnt,,"512,607,483,597",2025.12.31 현재,제 26 기
wemade,WEMADE,00444329,112040,FY2025,2025,11011,Annual report,20260319000853,CFS,연결재무제표,BS,재무상태표,비유동자산,"995,745,196,474",2023.12.31 현재,제 24 기,2025,KRW,,"1,324,975,960,240",2024.12.31 현재,제 25 기,3,11011,fnlttSinglAcnt,,"1,231,182,993,927",2025.12.31 현재,제 26 기
wemade,WEMADE,00444329,112040,FY2025,2025,11011,Annual report,20260319000853,CFS,연결재무제표,BS,재무상태표,자산총계,"1,417,739,361,214",2023.12.31 현재,제 24 기,2025,KRW,,"1,875,682,729,061",2024.12.31 현재,제 25 기,5,11011,fnlttSinglAcnt,,"1,745,649,917,765",2025.12.31 현재,제 26 기
wemade,WEMADE,00444329,112040,FY2025,2025,11011,Annual report,20260319000853,CFS,연결재무제표,BS,재무상태표,유동부채,"889,482,394,092",2023.12.31 현재,제 24 기,2025,KRW,,"981,280,741,285",2024.12.31 현재,제 25 기,7,11011,fnlttSinglAcnt,,"745,742,957,367",2025.12.31 현재,제 26 기
wemade,WEMADE,00444329,112040,FY2025,2025,11011,Annual report,20260319000853,CFS,연결재무제표,BS,재무상태표,비유동부채,"127,478,681,640",2023.12.31 현재,제 24 기,2025,KRW,,"62,504,722,769",2024.12.31 현재,제 25 기,9,11011,fnlttSinglAcnt,,"187,251,109,928",2025.12.31 현재,제 26 기
wemade,WEMADE,00444329,112040,FY2025,2025,11011,Annual report,20260319000853,CFS,연결재무제표,BS,재무상태표,부채총계,"1,016,961,075,732",2023.12.31 현재,제 24 기,2025,KRW,,"1,043,785,464,054",2024.12.31 현재,제 25 기,11,11011,fnlttSinglAcnt,,"932,994,067,295",2025.12.31 현재,제 26 기
wemade,WEMADE,00444329,112040,FY2025,2025,11011,Annual report,20260319000853,CFS,연결재무제표,BS,재무상태표,자본금,"17,228,988,000",2023.12.31 현재,제 24 기,2025,KRW,,"17,254,241,500",2024.12.31 현재,제 25 기,13,11011,fnlttSinglAcnt,,"17,254,241,500",2025.12.31 현재,제 26 기
wemade,WEMADE,00444329,112040,FY2025,2025,11011,Annual report,20260319000853,CFS,연결재무제표,BS,재무상태표,이익잉여금,"15,462,974,089",2023.12.31 현재,제 24 기,2025,KRW,,"202,676,198,847",2024.12.31 현재,제 25 기,17,11011,fnlttSinglAcnt,,"173,375,418,592",2025.12.31 현재,제 26 기
wemade,WEMADE,00444329,112040,FY2025,2025,11011,Annual report,20260319000853,CFS,연결재무제표,BS,재무상태표,자본총계,"400,778,285,482",2023.12.31 현재,제 24 기,2025,KRW,,"831,897,265,007",2024.12.31 현재,제 25 기,21,11011,fnlttSinglAcnt,,"812,655,850,470",2025.12.31 현재,제 26 기
wemade,WEMADE,00444329,112040,FY2025,2025,11011,Annual report,20260319000853,CFS,연결재무제표,IS,손익계산서,매출액,"605,252,428,314",2023.01.01 ~ 2023.12.31,제 24 기,2025,KRW,,"711,871,164,004",2024.01.01 ~ 2024.12.31,제 25 기,23,11011,fnlttSinglAcnt,,"614,039,504,365",2025.01.01 ~ 2025.12.31,제 26 기
wemade,WEMADE,00444329,112040,FY2025,2025,11011,Annual report,20260319000853,CFS,연결재무제표,IS,손익계산서,영업이익,"-110,440,776,864",2023.01.01 ~ 2023.12.31,제 24 기,2025,KRW,,"7,062,218,897",2024.01.01 ~ 2024.12.31,제 25 기,25,11011,fnlttSinglAcnt,,"10,678,082,423",2025.01.01 ~ 2025.12.31,제 26 기
wemade,WEMADE,00444329,112040,FY2025,2025,11011,Annual report,20260319000853,CFS,연결재무제표,IS,손익계산서,법인세차감전 순이익,"-160,120,821,203",2023.01.01 ~ 2023.12.31,제 24 기,2025,KRW,,"155,945,274,975",2024.01.01 ~ 2024.12.31,제 25 기,27,11011,fnlttSinglAcnt,,"1,966,052,298",2025.01.01 ~ 2025.12.31,제 26 기
wemade,WEMADE,00444329,112040,FY2025,2025,11011,Annual report,20260319000853,CFS,연결재무제표,IS,손익계산서,당기순이익(손실),"-206,682,445,625",2023.01.01 ~ 2023.12.31,제 24 기,2025,KRW,,"181,624,881,770",2024.01.01 ~ 2024.12.31,제 25 기,29,11011,fnlttSinglAcnt,,"-27,040,443,605",2025.01.01 ~ 2025.12.31,제 26 기
wemade,WEMADE,00444329,112040,FY2025,2025,11011,Annual report,20260319000853,CFS,연결재무제표,IS,손익계산서,당기순이익(손실),"-206,682,445,625",2023.01.01 ~ 2023.12.31,제 24 기,2025,KRW,,"181,624,881,770",2024.01.01 ~ 2024.12.31,제 25 기,61,11011,fnlttSinglAcnt,,"-27,040,443,605",2025.01.01 ~ 2025.12.31,제 26 기
wemade,WEMADE,00444329,112040,FY2025,2025,11011,Annual report,20260319000853,CFS,연결재무제표,IS,손익계산서,총포괄손익,"-173,910,447,799",2023.01.01 ~ 2023.12.31,제 24 기,2025,KRW,,"133,685,785,580",2024.01.01 ~ 2024.12.31,제 25 기,63,11011,fnlttSinglAcnt,,"-41,394,531,068",2025.01.01 ~ 2025.12.31,제 26 기
wemade,WEMADE,00444329,112040,FY2025,2025,11011,Annual report,20260319000853,CFS,연결재무제표,IS,손익계산서,영업비용,"715,693,205,178",2023.01.01 ~ 2023.12.31,제 24 기,2025,KRW,,"704,808,945,107",2024.01.01 ~ 2024.12.31,제 25 기,65,11011,fnlttSinglAcnt,,"603,361,421,942",2025.01.01 ~ 2025.12.31,제 26 기
wemade,WEMADE,00444329,112040,Q1_2026,2026,11013,First-quarter report,20260515002831,CFS,연결재무제표,BS,재무상태표,유동자산,,,,2026,KRW,,"512,607,483,597",2025.12.31 현재,제 26 기말,1,11013,fnlttSinglAcnt,,"528,763,101,534",2026.03.31 현재,제 27 기1분기말
wemade,WEMADE,00444329,112040,Q1_2026,2026,11013,First-quarter report,20260515002831,CFS,연결재무제표,BS,재무상태표,비유동자산,,,,2026,KRW,,"1,231,182,993,927",2025.12.31 현재,제 26 기말,3,11013,fnlttSinglAcnt,,"1,239,892,893,696",2026.03.31 현재,제 27 기1분기말
wemade,WEMADE,00444329,112040,Q1_2026,2026,11013,First-quarter report,20260515002831,CFS,연결재무제표,BS,재무상태표,자산총계,,,,2026,KRW,,"1,745,649,917,765",2025.12.31 현재,제 26 기말,5,11013,fnlttSinglAcnt,,"1,770,404,924,626",2026.03.31 현재,제 27 기1분기말
wemade,WEMADE,00444329,112040,Q1_2026,2026,11013,First-quarter report,20260515002831,CFS,연결재무제표,BS,재무상태표,유동부채,,,,2026,KRW,,"745,742,957,367",2025.12.31 현재,제 26 기말,7,11013,fnlttSinglAcnt,,"775,659,449,137",2026.03.31 현재,제 27 기1분기말
wemade,WEMADE,00444329,112040,Q1_2026,2026,11013,First-quarter report,20260515002831,CFS,연결재무제표,BS,재무상태표,비유동부채,,,,2026,KRW,,"187,251,109,928",2025.12.31 현재,제 26 기말,9,11013,fnlttSinglAcnt,,"195,114,817,382",2026.03.31 현재,제 27 기1분기말
wemade,WEMADE,00444329,112040,Q1_2026,2026,11013,First-quarter report,20260515002831,CFS,연결재무제표,BS,재무상태표,부채총계,,,,2026,KRW,,"932,994,067,295",2025.12.31 현재,제 26 기말,11,11013,fnlttSinglAcnt,,"970,774,266,519",2026.03.31 현재,제 27 기1분기말
wemade,WEMADE,00444329,112040,Q1_2026,2026,11013,First-quarter report,20260515002831,CFS,연결재무제표,BS,재무상태표,자본금,,,,2026,KRW,,"17,254,241,500",2025.12.31 현재,제 26 기말,13,11013,fnlttSinglAcnt,,"17,254,241,500",2026.03.31 현재,제 27 기1분기말
wemade,WEMADE,00444329,112040,Q1_2026,2026,11013,First-quarter report,20260515002831,CFS,연결재무제표,BS,재무상태표,이익잉여금,,,,2026,KRW,,"173,375,418,592",2025.12.31 현재,제 26 기말,17,11013,fnlttSinglAcnt,,"185,265,373,350",2026.03.31 현재,제 27 기1분기말
wemade,WEMADE,00444329,112040,Q1_2026,2026,11013,First-quarter report,20260515002831,CFS,연결재무제표,BS,재무상태표,자본총계,,,,2026,KRW,,"812,655,850,470",2025.12.31 현재,제 26 기말,21,11013,fnlttSinglAcnt,,"799,630,658,107",2026.03.31 현재,제 27 기1분기말
wemade,WEMADE,00444329,112040,Q1_2026,2026,11013,First-quarter report,20260515002831,CFS,연결재무제표,IS,손익계산서,매출액,,,,2026,KRW,"141,833,424,712","141,833,424,712",2025.01.01 ~ 2025.03.31,제 26 기1분기,23,11013,fnlttSinglAcnt,"153,324,403,049","153,324,403,049",2026.01.01 ~ 2026.03.31,제 27 기1분기
wemade,WEMADE,00444329,112040,Q1_2026,2026,11013,First-quarter report,20260515002831,CFS,연결재무제표,IS,손익계산서,영업이익,,,,2026,KRW,"-11,336,568,831","-11,336,568,831",2025.01.01 ~ 2025.03.31,제 26 기1분기,25,11013,fnlttSinglAcnt,"8,488,266,895","8,488,266,895",2026.01.01 ~ 2026.03.31,제 27 기1분기
wemade,WEMADE,00444329,112040,Q1_2026,2026,11013,First-quarter report,20260515002831,CFS,연결재무제표,IS,손익계산서,법인세차감전 순이익,,,,2026,KRW,"-19,704,662,692","-19,704,662,692",2025.01.01 ~ 2025.03.31,제 26 기1분기,27,11013,fnlttSinglAcnt,"31,675,327,716","31,675,327,716",2026.01.01 ~ 2026.03.31,제 27 기1분기
wemade,WEMADE,00444329,112040,Q1_2026,2026,11013,First-quarter report,20260515002831,CFS,연결재무제표,IS,손익계산서,당기순이익(손실),,,,2026,KRW,"-20,621,455,797","-20,621,455,797",2025.01.01 ~ 2025.03.31,제 26 기1분기,29,11013,fnlttSinglAcnt,"19,927,733,853","19,927,733,853",2026.01.01 ~ 2026.03.31,제 27 기1분기
wemade,WEMADE,00444329,112040,Q1_2026,2026,11013,First-quarter report,20260515002831,CFS,연결재무제표,IS,손익계산서,당기순이익(손실),,,,2026,KRW,"-20,621,455,797","-20,621,455,797",2025.01.01 ~ 2025.03.31,제 26 기1분기,61,11013,fnlttSinglAcnt,"19,927,733,853","19,927,733,853",2026.01.01 ~ 2026.03.31,제 27 기1분기
wemade,WEMADE,00444329,112040,Q1_2026,2026,11013,First-quarter report,20260515002831,CFS,연결재무제표,IS,손익계산서,총포괄손익,,,,2026,KRW,"-25,511,907,086","-25,511,907,086",2025.01.01 ~ 2025.03.31,제 26 기1분기,63,11013,fnlttSinglAcnt,"5,469,791,363","5,469,791,363",2026.01.01 ~ 2026.03.31,제 27 기1분기
wemade,WEMADE,00444329,112040,Q1_2026,2026,11013,First-quarter report,20260515002831,CFS,연결재무제표,IS,손익계산서,영업비용,,,,2026,KRW,"153,169,993,543","153,169,993,543",2025.01.01 ~ 2025.03.31,제 26 기1분기,65,11013,fnlttSinglAcnt,"144,836,136,154","144,836,136,154",2026.01.01 ~ 2026.03.31,제 27 기1분기
devsisters,Devsisters,01008762,194480,FY2025,2025,11011,Annual report,20260316001364,CFS,연결재무제표,BS,재무상태표,유동자산,"80,055,589,754",2023.12.31 현재,제 17 기,2025,KRW,,"129,191,077,583",2024.12.31 현재,제 18 기,1,11011,fnlttSinglAcnt,,"161,128,203,598",2025.12.31 현재,제 19 기
devsisters,Devsisters,01008762,194480,FY2025,2025,11011,Annual report,20260316001364,CFS,연결재무제표,BS,재무상태표,비유동자산,"159,696,217,126",2023.12.31 현재,제 17 기,2025,KRW,,"131,176,443,385",2024.12.31 현재,제 18 기,3,11011,fnlttSinglAcnt,,"141,598,933,311",2025.12.31 현재,제 19 기
devsisters,Devsisters,01008762,194480,FY2025,2025,11011,Annual report,20260316001364,CFS,연결재무제표,BS,재무상태표,자산총계,"239,751,806,880",2023.12.31 현재,제 17 기,2025,KRW,,"260,367,520,968",2024.12.31 현재,제 18 기,5,11011,fnlttSinglAcnt,,"302,727,136,909",2025.12.31 현재,제 19 기
devsisters,Devsisters,01008762,194480,FY2025,2025,11011,Annual report,20260316001364,CFS,연결재무제표,BS,재무상태표,유동부채,"25,692,554,143",2023.12.31 현재,제 17 기,2025,KRW,,"37,418,492,188",2024.12.31 현재,제 18 기,7,11011,fnlttSinglAcnt,,"40,496,008,690",2025.12.31 현재,제 19 기
devsisters,Devsisters,01008762,194480,FY2025,2025,11011,Annual report,20260316001364,CFS,연결재무제표,BS,재무상태표,비유동부채,"79,501,815,124",2023.12.31 현재,제 17 기,2025,KRW,,"68,800,973,753",2024.12.31 현재,제 18 기,9,11011,fnlttSinglAcnt,,"92,777,477,631",2025.12.31 현재,제 19 기
devsisters,Devsisters,01008762,194480,FY2025,2025,11011,Annual report,20260316001364,CFS,연결재무제표,BS,재무상태표,부채총계,"105,194,369,267",2023.12.31 현재,제 17 기,2025,KRW,,"106,219,465,941",2024.12.31 현재,제 18 기,11,11011,fnlttSinglAcnt,,"133,273,486,321",2025.12.31 현재,제 19 기
devsisters,Devsisters,01008762,194480,FY2025,2025,11011,Annual report,20260316001364,CFS,연결재무제표,BS,재무상태표,자본금,"5,993,080,000",2023.12.31 현재,제 17 기,2025,KRW,,"6,020,325,000",2024.12.31 현재,제 18 기,13,11011,fnlttSinglAcnt,,"6,101,575,000",2025.12.31 현재,제 19 기
devsisters,Devsisters,01008762,194480,FY2025,2025,11011,Annual report,20260316001364,CFS,연결재무제표,BS,재무상태표,이익잉여금,"-9,148,094,620",2023.12.31 현재,제 17 기,2025,KRW,,"18,140,830,214",2024.12.31 현재,제 18 기,17,11011,fnlttSinglAcnt,,"27,666,442,921",2025.12.31 현재,제 19 기
devsisters,Devsisters,01008762,194480,FY2025,2025,11011,Annual report,20260316001364,CFS,연결재무제표,BS,재무상태표,자본총계,"134,557,437,613",2023.12.31 현재,제 17 기,2025,KRW,,"154,148,055,027",2024.12.31 현재,제 18 기,21,11011,fnlttSinglAcnt,,"169,453,650,588",2025.12.31 현재,제 19 기
devsisters,Devsisters,01008762,194480,FY2025,2025,11011,Annual report,20260316001364,CFS,연결재무제표,IS,손익계산서,매출액,"161,143,328,758",2023.01.01 ~ 2023.12.31,제 17 기,2025,KRW,,"236,186,554,886",2024.01.01 ~ 2024.12.31,제 18 기,23,11011,fnlttSinglAcnt,,"295,578,347,074",2025.01.01 ~ 2025.12.31,제 19 기
devsisters,Devsisters,01008762,194480,FY2025,2025,11011,Annual report,20260316001364,CFS,연결재무제표,IS,손익계산서,영업이익,"-47,992,774,337",2023.01.01 ~ 2023.12.31,제 17 기,2025,KRW,,"27,185,096,721",2024.01.01 ~ 2024.12.31,제 18 기,25,11011,fnlttSinglAcnt,,"6,350,198,195",2025.01.01 ~ 2025.12.31,제 19 기
devsisters,Devsisters,01008762,194480,FY2025,2025,11011,Annual report,20260316001364,CFS,연결재무제표,IS,손익계산서,법인세차감전 순이익,"-49,544,629,245",2023.01.01 ~ 2023.12.31,제 17 기,2025,KRW,,"27,784,873,712",2024.01.01 ~ 2024.12.31,제 18 기,27,11011,fnlttSinglAcnt,,"14,768,667,002",2025.01.01 ~ 2025.12.31,제 19 기
devsisters,Devsisters,01008762,194480,FY2025,2025,11011,Annual report,20260316001364,CFS,연결재무제표,IS,손익계산서,당기순이익(손실),"-49,721,229,028",2023.01.01 ~ 2023.12.31,제 17 기,2025,KRW,,"28,271,330,928",2024.01.01 ~ 2024.12.31,제 18 기,29,11011,fnlttSinglAcnt,,"10,804,699,019",2025.01.01 ~ 2025.12.31,제 19 기
devsisters,Devsisters,01008762,194480,FY2025,2025,11011,Annual report,20260316001364,CFS,연결재무제표,IS,손익계산서,당기순이익(손실),"-49,721,229,028",2023.01.01 ~ 2023.12.31,제 17 기,2025,KRW,,"28,271,330,928",2024.01.01 ~ 2024.12.31,제 18 기,61,11011,fnlttSinglAcnt,,"10,804,699,019",2025.01.01 ~ 2025.12.31,제 19 기
devsisters,Devsisters,01008762,194480,FY2025,2025,11011,Annual report,20260316001364,CFS,연결재무제표,IS,손익계산서,총포괄손익,"-53,004,834,231",2023.01.01 ~ 2023.12.31,제 17 기,2025,KRW,,"16,307,143,377",2024.01.01 ~ 2024.12.31,제 18 기,63,11011,fnlttSinglAcnt,,"10,973,576,205",2025.01.01 ~ 2025.12.31,제 19 기
devsisters,Devsisters,01008762,194480,FY2025,2025,11011,Annual report,20260316001364,CFS,연결재무제표,IS,손익계산서,영업비용,"209,136,103,095",2023.01.01 ~ 2023.12.31,제 17 기,2025,KRW,,"209,001,458,165",2024.01.01 ~ 2024.12.31,제 18 기,65,11011,fnlttSinglAcnt,,"289,228,148,879",2025.01.01 ~ 2025.12.31,제 19 기
devsisters,Devsisters,01008762,194480,Q1_2026,2026,11013,First-quarter report,20260515002740,CFS,연결재무제표,BS,재무상태표,유동자산,,,,2026,KRW,,"161,128,203,598",2025.12.31 현재,제 19 기말,1,11013,fnlttSinglAcnt,,"149,629,673,397",2026.03.31 현재,제 20 기1분기말
devsisters,Devsisters,01008762,194480,Q1_2026,2026,11013,First-quarter report,20260515002740,CFS,연결재무제표,BS,재무상태표,비유동자산,,,,2026,KRW,,"141,598,933,311",2025.12.31 현재,제 19 기말,3,11013,fnlttSinglAcnt,,"143,318,910,775",2026.03.31 현재,제 20 기1분기말
devsisters,Devsisters,01008762,194480,Q1_2026,2026,11013,First-quarter report,20260515002740,CFS,연결재무제표,BS,재무상태표,자산총계,,,,2026,KRW,,"302,727,136,909",2025.12.31 현재,제 19 기말,5,11013,fnlttSinglAcnt,,"292,948,584,172",2026.03.31 현재,제 20 기1분기말
devsisters,Devsisters,01008762,194480,Q1_2026,2026,11013,First-quarter report,20260515002740,CFS,연결재무제표,BS,재무상태표,유동부채,,,,2026,KRW,,"40,496,008,690",2025.12.31 현재,제 19 기말,7,11013,fnlttSinglAcnt,,"45,369,444,237",2026.03.31 현재,제 20 기1분기말
devsisters,Devsisters,01008762,194480,Q1_2026,2026,11013,First-quarter report,20260515002740,CFS,연결재무제표,BS,재무상태표,비유동부채,,,,2026,KRW,,"92,777,477,631",2025.12.31 현재,제 19 기말,9,11013,fnlttSinglAcnt,,"92,799,303,552",2026.03.31 현재,제 20 기1분기말
devsisters,Devsisters,01008762,194480,Q1_2026,2026,11013,First-quarter report,20260515002740,CFS,연결재무제표,BS,재무상태표,부채총계,,,,2026,KRW,,"133,273,486,321",2025.12.31 현재,제 19 기말,11,11013,fnlttSinglAcnt,,"138,168,747,789",2026.03.31 현재,제 20 기1분기말
devsisters,Devsisters,01008762,194480,Q1_2026,2026,11013,First-quarter report,20260515002740,CFS,연결재무제표,BS,재무상태표,자본금,,,,2026,KRW,,"6,101,575,000",2025.12.31 현재,제 19 기말,13,11013,fnlttSinglAcnt,,"6,101,575,000",2026.03.31 현재,제 20 기1분기말
devsisters,Devsisters,01008762,194480,Q1_2026,2026,11013,First-quarter report,20260515002740,CFS,연결재무제표,BS,재무상태표,이익잉여금,,,,2026,KRW,,"27,666,442,921",2025.12.31 현재,제 19 기말,17,11013,fnlttSinglAcnt,,"13,179,706,701",2026.03.31 현재,제 20 기1분기말
devsisters,Devsisters,01008762,194480,Q1_2026,2026,11013,First-quarter report,20260515002740,CFS,연결재무제표,BS,재무상태표,자본총계,,,,2026,KRW,,"169,453,650,588",2025.12.31 현재,제 19 기말,21,11013,fnlttSinglAcnt,,"154,779,836,383",2026.03.31 현재,제 20 기1분기말
devsisters,Devsisters,01008762,194480,Q1_2026,2026,11013,First-quarter report,20260515002740,CFS,연결재무제표,IS,손익계산서,매출액,,,,2026,KRW,"89,082,593,293","89,082,593,293",2025.01.01 ~ 2025.03.31,제 19 기1분기,23,11013,fnlttSinglAcnt,"58,471,497,546","58,471,497,546",2026.01.01 ~ 2026.03.31,제 20 기1분기
devsisters,Devsisters,01008762,194480,Q1_2026,2026,11013,First-quarter report,20260515002740,CFS,연결재무제표,IS,손익계산서,영업이익,,,,2026,KRW,"9,408,349,968","9,408,349,968",2025.01.01 ~ 2025.03.31,제 19 기1분기,25,11013,fnlttSinglAcnt,"-17,373,679,304","-17,373,679,304",2026.01.01 ~ 2026.03.31,제 20 기1분기
devsisters,Devsisters,01008762,194480,Q1_2026,2026,11013,First-quarter report,20260515002740,CFS,연결재무제표,IS,손익계산서,법인세차감전 순이익,,,,2026,KRW,"10,163,228,786","10,163,228,786",2025.01.01 ~ 2025.03.31,제 19 기1분기,27,11013,fnlttSinglAcnt,"-14,950,335,968","-14,950,335,968",2026.01.01 ~ 2026.03.31,제 20 기1분기
devsisters,Devsisters,01008762,194480,Q1_2026,2026,11013,First-quarter report,20260515002740,CFS,연결재무제표,IS,손익계산서,당기순이익(손실),,,,2026,KRW,"10,158,252,932","10,158,252,932",2025.01.01 ~ 2025.03.31,제 19 기1분기,29,11013,fnlttSinglAcnt,"-15,088,127,742","-15,088,127,742",2026.01.01 ~ 2026.03.31,제 20 기1분기
devsisters,Devsisters,01008762,194480,Q1_2026,2026,11013,First-quarter report,20260515002740,CFS,연결재무제표,IS,손익계산서,당기순이익(손실),,,,2026,KRW,"10,158,252,932","10,158,252,932",2025.01.01 ~ 2025.03.31,제 19 기1분기,61,11013,fnlttSinglAcnt,"-15,088,127,742","-15,088,127,742",2026.01.01 ~ 2026.03.31,제 20 기1분기
devsisters,Devsisters,01008762,194480,Q1_2026,2026,11013,First-quarter report,20260515002740,CFS,연결재무제표,IS,손익계산서,총포괄손익,,,,2026,KRW,"10,227,492,703","10,227,492,703",2025.01.01 ~ 2025.03.31,제 19 기1분기,63,11013,fnlttSinglAcnt,"-15,001,774,245","-15,001,774,245",2026.01.01 ~ 2026.03.31,제 20 기1분기
devsisters,Devsisters,01008762,194480,Q1_2026,2026,11013,First-quarter report,20260515002740,CFS,연결재무제표,IS,손익계산서,영업비용,,,,2026,KRW,"79,674,243,325","79,674,243,325",2025.01.01 ~ 2025.03.31,제 19 기1분기,65,11013,fnlttSinglAcnt,"75,845,176,850","75,845,176,850",2026.01.01 ~ 2026.03.31,제 20 기1분기
